Date,Open,High,Low,Close,Volume,Dividends,Stock Splits
2016-06-27,7.292902580029067,7.3014424740968655,7.147727638512998,7.224585056304932,3965206,0.0,0
2016-06-28,7.045252594152426,7.233126224697752,6.9427762905120485,7.198967456817627,4239572,0.0,0
2016-06-29,7.429537836275889,7.489316282021355,7.267283916473389,7.267283916473389,2318380,0.0,0
2016-06-30,7.386839488226741,7.480776700724795,7.352680723975407,7.369760513305664,3336054,0.0,0
2016-07-01,7.4039195206839015,7.523475606694095,7.382570597729213,7.5063958168029785,2434271,0.0,0
2016-07-04,7.30144192644193,7.5106644289552085,7.30144192644193,7.489315509796143,1544937,0.0,0
2016-07-05,7.514935788759418,7.514935788759418,7.318522275044826,7.344141960144043,1426644,0.0,0
2016-07-06,7.30144311765476,7.378300542220999,7.1904269282156585,7.250204563140869,1844686,0.0,0
2016-07-07,7.34414101742448,7.420997619628905,7.292902468212419,7.420997619628906,1524167,0.0,0
2016-07-08,7.335602184039323,7.420998692526892,7.301443417762449,7.3526811599731445,1767806,0.0,0
2016-07-11,7.472236168840967,7.472236168840967,7.412458540101155,7.420997619628906,1762187,0.0,0
2016-07-12,7.5149359703063965,7.5747136081635915,7.472237308518729,7.5149359703063965,1880100,0.0,0
2016-07-13,7.5917928013668305,7.6088717760926885,7.54909414293843,7.583252906799316,1917732,0.0,0
2016-07-14,7.600331607352271,7.668649132609571,7.583252633242517,7.625951290130615,2098613,0.0,0
2016-07-15,7.677189807442853,7.80528579113123,7.617412170367144,7.728428363800049,2043659,0.0,0
2016-07-18,7.788206260962521,7.788206260962521,7.711348831064688,7.736968517303467,1420365,0.0,0
2016-07-19,7.728427465592441,7.7455064394537505,7.6814588622578635,7.694268703460693,1148851,0.0,0
2016-07-20,7.702809492826063,7.771127025029508,7.702809492826063,7.728428363800049,1987316,0.0,0
2016-07-21,7.813824551587294,7.856523211066679,7.711348257482286,7.75404691696167,1907624,0.0,0
2016-07-22,7.771125901686206,7.87360218517807,7.74550622000641,7.83090353012085,1924036,0.0,0
2016-07-25,7.907762149760758,7.984619577678247,7.894952306971434,7.9675397872924805,2198642,0.0,0
2016-07-26,7.976079682485364,7.976079682485364,7.877873330994897,7.9675397872924805,1757362,0.0,0
2016-07-27,7.976079682485364,8.010238448847666,7.924841125737295,7.9675397872924805,1323280,0.0,0
2016-07-28,7.933379855004427,7.993157483750956,7.924839961066605,7.976078510284424,1890770,0.0,0
2016-07-29,8.01023846812256,8.112714767456055,7.984619596891495,8.112714767456055,2213022,0.0,0
2016-08-01,8.112714648895539,8.181032180786133,8.01023835105965,8.181032180786133,1627699,0.0,0
2016-08-02,8.121253713598302,8.223730000956145,7.984618663787841,7.984618663787842,2859905,0.0,0
2016-08-03,7.685729581242661,7.694269476235586,7.4039195617498335,7.600332260131836,7115921,0.0,0
2016-08-04,7.677189026869018,7.677189026869018,7.5960624746316885,7.625951290130615,2479651,0.0,0
2016-08-05,7.660110517634378,7.771126706517101,7.643030728078948,7.75404691696167,1967167,0.0,0
2016-08-08,7.805285453796387,7.8138245341458505,7.771126689170964,7.805285453796387,1625258,0.0,0
2016-08-09,7.847982570994297,7.847982570994297,7.672918816722268,7.745506286621094,1579260,0.0,0
2016-08-10,7.7455070626643066,7.805285512011541,7.711348297784113,7.771126747131348,1446885,0.0,0
2016-08-11,7.702809747764709,7.830904921283407,7.694269852354329,7.8138251304626465,1481924,0.0,0
2016-08-12,7.865064105691545,7.933381643779758,7.788206671739982,7.847984313964844,1601502,0.0,0
2016-08-15,7.84798330231472,7.967539385762276,7.822364432436384,7.882142066955566,1445269,0.0,0
2016-08-16,7.907761148285713,8.437222367052629,7.732697391048633,8.001697540283203,5186242,0.0,0
2016-08-17,8.07001516271481,8.163952370266355,7.899221350451735,7.984618663787842,2368863,0.0,0
2016-08-18,7.967539587609091,8.001698353115303,7.8565233961116,7.924840927124023,2784226,0.0,0
2016-08-19,7.9248397110097715,7.958998471274116,7.771125697024762,7.788204669952393,1845378,0.0,0
2016-08-22,7.822364428904503,7.865063088288579,7.792475611658407,7.805285453796387,2339134,0.0,0
2016-08-23,7.7796665588238625,7.869333834068733,7.702809941425893,7.8565239906311035,3762401,0.0,0
2016-08-24,7.899222133825789,7.924841004603616,7.745507280340392,7.762587070465088,1688980,0.0,0
2016-08-25,7.728428304624913,7.796745836305263,7.719888409562564,7.762587070465088,2108363,0.0,0
2016-08-26,7.728427684269566,7.745506658614128,7.613141553409453,7.685729026794434,1709150,0.0,0
2016-08-29,7.643030529167849,7.719887951348676,7.61741165991063,7.711348056793213,1733419,0.0,0
2016-08-30,7.754047116551675,7.822364647713514,7.651570819808915,7.796745777130127,2556410,0.0,0
2016-08-31,7.796746567603331,7.865064105691545,7.715619185720093,7.847984313964844,4726395,0.0,0
2016-09-01,7.826243769787681,7.8958103147307925,7.765373250287118,7.808851718902588,2795449,0.165,0
2016-09-02,7.774068446431033,7.826243769787681,7.739285173959478,7.808851718902588,2081055,0.0,0
2016-09-05,7.826244132211251,8.152337637720054,7.8088520805207535,8.087119102478027,2101812,0.0,0
2016-09-06,8.043639183044434,8.043639183044434,7.869722826027518,8.043639183044434,2316537,0.0,0
2016-09-07,8.0523363372374,8.139294113288898,8.043640310842633,8.11320686340332,2004916,0.0,0
2016-09-08,8.130597776202194,8.15668502243008,7.9392893688342845,8.043639183044434,1979274,0.0,0
2016-09-09,7.921898136076126,7.991464686062625,7.869723638235596,7.98276948928833,3196561,0.0,0
2016-09-12,7.791460422865505,7.8436357457235975,7.713197853227679,7.756677150726318,2169081,0.0,0
2016-09-13,7.887114434611475,7.89581046021425,7.80015666647967,7.852331161499023,2773574,0.0,0
2016-09-14,7.843636389315332,7.991464686062625,7.843636389315332,7.98276948928833,4098289,0.0,0
2016-09-15,8.061031772240751,8.278427440368512,8.008856446998678,8.252339363098145,6663661,0.0,0
2016-09-16,8.261035430181979,8.469735073597,8.226252156279473,8.417560577392578,4355393,0.0,0
2016-09-19,8.408864033160588,8.408864033160588,8.226251649106377,8.352340698242188,702011,0.0,0
2016-09-20,8.295818791867967,8.47843118911312,8.295818791867967,8.452343940734863,4262886,0.0,0
2016-09-21,8.434951212257795,8.59147634856749,8.391471915583036,8.556693077087402,3882643,0.0,0
2016-09-22,8.608868791513903,8.73061067362232,8.57408551509703,8.661044120788574,3517241,0.0,0
2016-09-23,8.643651401799666,8.748002052307129,8.534953567711499,8.748002052307129,3753563,0.0,0
2016-09-26,8.6958269037911,8.852352053434917,8.669739655283356,8.8175687789917,2051175,0.0,0
2016-09-27,8.695825812682578,8.713217862371259,8.569735940335367,8.617563247680664,2103819,0.0,0
2016-09-28,8.678434830837672,8.721914131110738,8.617564308034584,8.634956359863281,1424506,0.0,0
2016-09-29,8.782784646569104,8.861046384447041,8.704522079392568,8.852351188659668,2192086,0.0,0
2016-09-30,8.695827407643161,8.874091803155947,8.687131381203823,8.843656539916992,2987500,0.0,0
2016-10-03,8.904525535790096,8.982788101694076,8.86104624036582,8.965396881103516,1450452,0.0,0
2016-10-04,9.000181603488414,9.026268853231931,8.861047669825993,9.00887680053711,1791808,0.0,0
2016-10-05,8.96539815238551,9.034964703209369,8.913222824618268,8.939310073852539,2871923,0.0,0
2016-10-06,8.948006029093952,9.091487142693031,8.948006029093952,9.087139129638672,1783517,0.0,0
2016-10-07,9.13061868150471,9.13061868150471,8.965398327397489,9.00887680053711,2103048,0.0,0
2016-10-10,9.061051379038577,9.28279505674416,9.034964131455169,9.261054992675781,2074214,0.0,0
2016-10-11,9.269750668667331,9.278446693966687,9.078442258574588,9.104530334472656,2822468,0.0,0
2016-10-12,9.052354626774882,9.095833922122893,8.834958979333416,8.9827880859375,2359344,0.0,0
2016-10-13,8.98278865997113,9.008875907127575,8.85235159489027,8.86104679107666,1622888,0.0,0
2016-10-14,8.904526550450402,8.92191860232135,8.808872753056225,8.8175687789917,1378057,0.0,0
2016-10-17,8.817568400430446,8.834959622256065,8.669739283068793,8.695826530456543,2509388,0.0,0
2016-10-18,8.913223606007861,9.361059041832887,8.913223606007861,9.234969139099121,3678438,0.0,0
2016-10-19,9.304533204885587,9.348012498645977,8.913221219639187,9.026267051696777,2885626,0.0,0
2016-10-20,9.061051968228716,9.221924306302123,9.034964718948999,9.121922492980957,2498780,0.0,0
2016-10-21,9.148008027092711,9.165399245342353,9.004526122716191,9.07844066619873,1961280,0.0,0
2016-10-24,9.034964454831295,9.078442925926923,8.89583052770978,9.017572402954102,1434010,0.0,0
2016-10-25,9.043660020855082,9.200185176948308,9.01757277127245,9.139314651489258,1695771,0.0,0
2016-10-26,9.130618519173764,9.239316358687736,9.026268692756194,9.121922492980957,2732291,0.0,0
2016-10-27,9.774109107914686,10.339338346553951,9.443667590548348,9.51323413848877,5446296,0.0,0
2016-10-28,9.487146436402195,9.495842461803335,9.191488207152492,9.339317321777344,2916240,0.0,0
2016-10-31,9.304535104933237,9.382797683823963,9.061052171172202,9.356710433959961,2319714,0.0,0
2016-11-01,9.304534049471416,9.374100594083272,9.22192346675785,9.339317321777344,1473819,0.0,0
2016-11-02,9.200183397439783,9.252358715811962,8.965396538011364,9.026267051696777,2210680,0.0,0
2016-11-03,8.904527935098058,9.030617842873284,8.869744655246066,8.991486549377441,1855387,0.0,0
2016-11-04,8.86974316852685,8.952353755315452,8.7914805946533,8.800176620483398,3361524,0.0,0
2016-11-07,8.826263548139586,9.061051261233665,8.826263548139586,9.043659210205078,1855251,0.0,0
2016-11-08,9.17409687827027,9.21757617546843,9.034963790675045,9.104530334472656,2361295,0.0,0
2016-11-09,9.130617165117277,9.3914921071232,8.461038174945358,8.782784461975098,5266405,0.0,0
2016-11-10,9.130617234487433,9.374100128536828,9.078441913970412,9.165400505065918,2624013,0.0,0
2016-11-11,9.174096953390048,9.252359523127849,8.948005269547204,9.156704902648926,1685769,0.0,0
2016-11-14,9.130615979544597,9.182791292890466,8.982786892579522,9.07844066619873,1105729,0.0,0
2016-11-15,9.017572440914392,9.278447415079729,8.98278916631226,9.182793617248535,1868097,0.0,0
2016-11-16,9.174096201492368,9.213227483154117,9.039311136489987,9.208879470825195,1945223,0.0,0
2016-11-17,9.156704152176678,9.248010752486945,9.0523543441782,9.208879470825195,1441559,0.0,0
2016-11-18,9.217577050614576,9.278447574892073,9.12192242183714,9.26975154876709,1683794,0.0,0
2016-11-21,9.269750744570347,9.269750744570347,9.087138358281685,9.156704902648926,1707837,0.0,0
2016-11-22,9.287143601017059,9.343666112232064,9.182793775413334,9.26975154876709,1599956,0.0,0
2016-11-23,9.217575263015574,9.321925068382349,9.174095970121451,9.287141799926758,995832,0.0,0
2016-11-24,9.339318099169573,9.365406177544525,9.178445762350842,9.26975154876709,1647496,0.0,0
2016-11-25,9.304533720292426,9.417579558611974,9.261054424123584,9.382796287536621,1477903,0.0,0
2016-11-28,9.417582160413447,9.461061468594346,9.2958402633667,9.2958402633667,1019385,0.0,0
2016-11-29,9.348013770951061,9.443667566803972,9.295838445477596,9.330621719360352,2168503,0.0,0
2016-11-30,9.330621539097299,9.348013590352002,9.187140433440586,9.261054992675781,2255738,0.0,0
2016-12-01,9.391492826621723,9.46975539814919,9.252359734705625,9.408884048461914,2289602,0.0,0
2016-12-02,9.417579321563752,9.68715028758637,9.408883296689151,9.461058616638184,1927862,0.0,0
2016-12-05,9.434972817323679,9.461060066647057,9.226272334840534,9.304534912109375,1314338,0.0,0
2016-12-06,9.408884933687967,9.426276986463114,9.304535104933237,9.356710433959961,2045602,0.0,0
2016-12-07,9.443667782426061,9.443667782426061,9.339317958395235,9.365406036376953,1276609,0.0,0
2016-12-08,9.478450881988293,9.574105507556673,9.434972411419393,9.495842933654785,3300247,0.0,0
2016-12-09,9.539322411651153,9.5784536993328,9.487147084976062,9.565409660339355,1186277,0.0,0
2016-12-12,9.556712402363074,9.591495672562903,9.44366656688898,9.461058616638184,1169274,0.0,0
2016-12-13,9.434974215405338,9.461061468594346,9.26975301017769,9.2958402633667,1269795,0.0,0
2016-12-14,9.321925535838863,9.513233107288642,9.252358995439202,9.461058616638184,2150542,0.0,0
2016-12-15,9.434971792993293,9.513233532466757,9.304533901940292,9.452363014221191,2019344,0.0,0
2016-12-16,9.54801745286886,9.678455352783203,9.539322256313508,9.678455352783203,3351317,0.0,0
2016-12-19,9.669759680625157,9.708890969100919,9.57410588062813,9.617585182189941,1645877,0.0,0
2016-12-20,9.661062878778466,9.730629423972477,9.608888384532275,9.687150955200195,1221088,0.0,0
2016-12-21,9.739325946877527,9.765413195333016,9.669759398130441,9.730629920959473,1075029,0.0,0
2016-12-22,9.730630450659346,9.774109753317799,9.652368701032598,9.739326477050781,1423065,0.0,0
2016-12-23,9.756718548550541,9.756718548550541,9.661063916658703,9.721935272216797,435917,0.0,0
2016-12-28,9.774108571623799,9.86976319176745,9.748021324902174,9.800196647644043,1009630,0.0,0
2016-12-29,9.826284228372824,9.852371475981185,9.739325630613425,9.756717681884766,740668,0.0,0
2016-12-30,9.782805866861972,9.834981196376676,9.72193534017709,9.774109840393066,661325,0.0,0
2017-01-03,9.82628401674348,10.043679677161263,9.800196769696964,10.017592430114746,1482819,0.0,0
2017-01-04,10.017592322316055,10.069766815847643,9.974113024840651,10.000200271606445,1183349,0.0,0
2017-01-05,10.043681039461836,10.113247593887474,10.017593788876907,10.026288986206055,976278,0.0,0
2017-01-06,9.982807597309076,10.000199646932272,9.852370542329387,9.956720352172852,1646538,0.0,0
2017-01-09,10.000200873325012,10.156726021935238,9.956721573233429,10.061071395874023,1170979,0.0,0
2017-01-10,10.000200531160575,10.04367982976448,9.852371413486484,9.904546737670898,1238432,0.0,0
2017-01-11,10.000200439648046,10.000200439648046,9.82628407612259,9.869763374328613,980914,0.0,0
2017-01-12,9.913241659870616,9.913241659870616,9.752369337572215,9.800196647644043,1878345,0.0,0
2017-01-13,9.756717681884766,9.887154749225214,9.748021656249096,9.756717681884766,1187834,0.0,0
2017-01-16,9.782805798476168,9.834981127626145,9.71323924580868,9.721935272216797,885194,0.0,0
2017-01-17,9.61758430302606,9.69584604352481,9.44366711267695,9.669758796691895,2014460,0.0,0
2017-01-18,9.634975873877558,9.661063121656484,9.495842779991747,9.608888626098633,1283404,0.0,0
2017-01-19,9.617585075833514,9.687151625843631,9.565409748676581,9.60019302368164,978189,0.0,0
2017-01-20,9.56540905559546,9.582801106487159,9.469755263587013,9.504538536071777,1452888,0.0,0
2017-01-23,9.582801800820311,9.60019302367348,9.36540612471421,9.400189399719238,1150093,0.0,0
2017-01-24,9.426276561604027,9.587148896029744,9.426276561604027,9.565409660339355,1630810,0.0,0
2017-01-25,9.643672078665778,9.69584657519258,9.54801745286886,9.678455352783203,1912722,0.0,0
2017-01-27,9.652368701032598,9.765413726926363,9.617585424765581,9.739326477050781,1417681,0.0,0
2017-01-30,9.634976405235447,9.739326231404577,9.504539329848708,9.617585182189941,1386143,0.0,0
2017-01-31,9.565409766663079,9.600193041733542,9.487147190429862,9.582801818847656,1666496,0.0,0
2017-02-01,9.495843375819609,9.55671390088938,9.4175807982735,9.469756126403809,1888387,0.0,0
2017-02-02,9.495842072443052,9.591495860037583,9.487146047398479,9.530625343322754,1277640,0.0,0
2017-02-03,9.574105934853934,9.661063709171371,9.469756108093787,9.487147331237793,872841,0.0,0
2017-02-06,9.565409191516846,9.591496438926454,9.408884048461914,9.408884048461914,1284600,0.0,0
2017-02-07,9.391493373651292,9.643672324762635,9.339318046494359,9.60019302368164,2549266,0.0,0
2017-02-08,9.652367950970673,9.834980344506832,9.600192625975204,9.79150104522705,1785803,0.0,0
2017-02-09,9.79150104522705,9.808892267359768,9.69149923739261,9.79150104522705,1367576,0.0,0
2017-02-10,9.939331207823377,10.078464316674655,9.834981376184919,10.026288986206055,1773820,0.0,0
2017-02-13,10.1393346975209,10.1393346975209,9.969766327228339,10.121943473815918,1259869,0.0,0
2017-02-14,10.148031060758873,10.226293643275067,9.765414174968312,9.895852088928223,2963353,0.0,0
2017-02-15,10.13063646406048,10.156724537882766,9.956720118404656,10.034982681274414,2402935,0.0,0
2017-02-16,10.095854022166288,10.408904299296125,10.06107075018504,10.34803295135498,2428750,0.0,0
2017-02-17,10.374121715559651,10.38281691215786,10.22629259250735,10.243683815002441,1640136,0.0,0
2017-02-20,10.252379160731207,10.356728976674946,10.200203838110028,10.34803295135498,1258931,0.0,0
2017-02-21,10.391512173107056,10.408904223620544,10.243683060936862,10.295858383178711,1249740,0.0,0
2017-02-22,10.321946389477032,10.321946389477032,10.156726043929641,10.243683815002441,1317802,0.0,0
2017-02-23,10.278466755147537,10.2958588063759,10.182812961287475,10.287162780761719,867448,0.0,0
2017-02-24,10.30455580604809,10.38281755607763,10.226293226719823,10.26977252960205,814148,0.0,0
2017-02-27,10.261076203218408,10.31325070171296,10.148030350748613,10.200204849243164,1183096,0.0,0
2017-02-28,10.200205520282372,10.209028587623916,10.07667332106386,10.094320297241211,2476108,0.17,0
2017-03-01,10.164910651597115,10.19138153641539,9.988435842157267,10.111968040466309,2755871,0.0,0
2017-03-02,10.244321936552373,10.429619788497492,10.244321936552373,10.367854118347168,1963672,0.0,0
2017-03-03,10.359029445754942,10.42961901828355,10.27961596628674,10.411972045898438,1262668,0.0,0
2017-03-06,10.447269261936487,10.464916238425843,10.323737060533881,10.40315055847168,1048491,0.0,0
2017-03-07,10.4031490913581,10.517857367592049,10.323735604619662,10.473738670349121,979601,0.0,0
2017-03-08,10.500210948821197,10.500210948821197,10.341384795711637,10.482563972473145,1239073,0.0,0
2017-03-09,10.500210762023926,10.553153373114785,10.438445083663137,10.500210762023926,1201808,0.0,0
2017-03-10,10.553152519572201,10.711979498504542,10.526681636914873,10.685507774353027,1423267,0.0,0
2017-03-13,10.729626994549866,10.729626994549866,10.592859779097173,10.61491870880127,667400,0.0,0
2017-03-14,10.570800193348092,10.659037596700925,10.509034515897655,10.597271919250488,792576,0.0,0
2017-03-15,10.641389588595091,10.800215721130371,10.553152193802255,10.800215721130371,1257139,0.0,0
2017-03-16,10.676685848145445,10.950220294973095,10.659038030159516,10.932573318481445,2809764,0.0,0
2017-03-17,10.720803962585023,10.853160076113488,10.65903828116832,10.69433307647705,3570879,0.0,0
2017-03-20,10.64139009446699,10.817864050947746,10.623742278071814,10.79139232635498,688943,0.0,0
2017-03-21,10.667859961900302,10.747273445129396,10.632565173964496,10.747273445129395,1130472,0.0,0
2017-03-22,10.588447824857509,10.773745695452284,10.57080000789885,10.61491870880127,1354181,0.0,0
2017-03-23,10.676686099569833,10.69433307647705,10.5796247813501,10.69433307647705,1114555,0.0,0
2017-03-24,10.75609840269186,10.906101488173944,10.75609840269186,10.870806694030762,1895957,0.0,0
2017-03-27,10.720802489905438,10.817863794792196,10.685507699445031,10.764921188354492,1455212,0.0,0
2017-03-28,10.835510366228105,10.936983621334697,10.7472738141063,10.897276878356934,1655334,0.0,0
2017-03-29,10.941395173537513,11.029632570700793,10.888453408434893,10.967866897583008,1770451,0.0,0
2017-03-30,11.029633440623586,11.135517820674263,10.994338647273361,11.109046936035156,1014513,0.0,0
2017-03-31,11.117871106358772,11.20169571660411,11.04728151799729,11.073752403259277,1211261,0.0,0
2017-04-03,11.073750824379433,11.073750824379433,10.897276878637138,11.020808219909668,1128787,0.0,0
2017-04-04,11.029633255872188,11.170812426908274,10.972279533199115,11.126693725585938,1260052,0.0,0
2017-04-05,11.188461541108133,11.338464638097324,11.157578699050534,11.276698112487793,2510871,0.0,0
2017-04-06,11.250226356748305,11.250226356748305,11.126694156559799,11.197283744812012,1191266,0.0,0
2017-04-07,11.259049754890748,11.276696730406117,11.073751883761092,11.144341468811035,936189,0.0,0
2017-04-10,11.214930969072604,11.364934046543219,11.214930969072604,11.285520553588867,1140488,0.0,0
2017-04-11,11.329640728511057,11.426701209476985,11.267875044395861,11.276698112487793,1201647,0.0,0
2017-04-12,11.2855202949156,11.3825807610272,11.2855202949156,11.320815086364746,1298874,0.0,0
2017-04-13,11.32963987434315,11.364934668532923,11.276697262311352,11.33846378326416,1163274,0.0,0
2017-04-18,11.356110319056288,11.373758136213672,11.281108779125887,11.329639434814453,2109815,0.0,0
2017-04-19,11.329638628381975,11.329638628381975,11.188459467148858,11.232577323913574,1373302,0.0,0
2017-04-20,11.338461829427448,11.435522286350363,11.047279617164579,11.135516166687012,3585630,0.0,0
2017-04-21,11.250224625300836,11.285519413994956,11.126692444124348,11.179635047912598,1418342,0.0,0
2017-04-24,11.232577939206347,11.373757949667134,11.179636171591,11.347286224365234,1321804,0.0,0
2017-04-26,11.470818256222108,11.70905873161471,11.391404764424573,11.567878723144531,3527216,0.0,0
2017-04-27,11.603173288655043,11.744353294372559,11.532583706543383,11.744353294372559,1735050,0.0,0
2017-04-28,11.647292063980727,11.691410763462443,11.611997272694193,11.664939880371094,1978320,0.0,0
2017-05-01,11.673763046937948,11.859060913150973,11.664939980161487,11.850237846374512,2284208,0.0,0
2017-05-02,11.823766190338239,11.894355773925781,11.770824423394687,11.894355773925781,2098112,0.0,0
2017-05-03,11.947298643308661,12.114948697617226,11.832590357099967,11.859061241149902,2133474,0.0,0
2017-05-04,11.779648515798904,11.885532892834888,11.69141111418847,11.876708984375,1525891,0.0,0
2017-05-05,11.832590357099967,11.98259343587332,11.814943381564754,11.859061241149902,999274,0.0,0
2017-05-08,11.947297166075872,12.017886742477085,11.845824755185896,11.867883682250977,1529172,0.0,0
2017-05-09,11.788470198426081,11.8943545630279,11.753175410225476,11.867883682250977,1298264,0.0,0
2017-05-10,11.867883610735054,11.973767974698813,11.770823154141805,11.885531425476074,2948503,0.0,0
2017-05-11,11.797295756645335,11.885533160240973,11.735530079024935,11.779648780822754,2829545,0.0,0
2017-05-12,11.673763549050324,11.735530068107508,11.448759768929829,11.514937400817871,2631495,0.0,0
2017-05-15,11.470817896620375,11.559055293961281,11.356109616674868,11.417875289916992,1806948,0.0,0
2017-05-16,11.42669999730432,11.550232193924444,11.382581295547544,11.514937400817871,1909438,0.0,0
2017-05-17,11.470819298991305,11.506114093943815,11.078164599957853,11.161989212036133,2809217,0.0,0
2017-05-18,10.879630358511566,11.144341729385381,10.809040771811114,11.109046936035156,3867610,0.0,0
2017-05-19,11.073751878060454,11.219343002337789,10.95904359203979,11.206107139587402,1983265,0.0,0
2017-05-22,11.188459828804,11.320815086364746,11.161988104096485,11.320815086364746,1725106,0.0,0
2017-05-23,11.36493422763498,11.417875996118653,11.281108779125887,11.329639434814453,1322429,0.0,0
2017-05-24,11.409052254738263,11.620820999145508,11.347285739832175,11.620820999145508,2095082,0.0,0
2017-05-25,11.603173183031142,11.66493969793723,11.550231417676425,11.620820999145508,1510160,0.0,0
2017-05-26,11.638468488217562,11.638468488217562,11.550231928228008,11.611997604370117,952888,0.0,0
2017-05-29,11.647293461894424,11.656117371148659,11.391405983981768,11.409053802490234,1032588,0.0,0
2017-05-30,11.426698796576364,11.497288375371891,11.373757033226797,11.488465309143066,1023385,0.0,0
2017-05-31,11.453170606441434,11.470818423317613,11.285520553588867,11.285520553588867,4013470,0.0,0
2017-06-01,11.276698112487793,11.320816818924792,11.153166744257401,11.276698112487793,2970548,0.0,0
2017-06-02,11.40022875960327,11.506113135642078,11.356110059213544,11.364933967590332,1817059,0.0,0
2017-06-05,11.364935525361789,11.364935525361789,11.232579406050796,11.276698112487793,1246243,0.0,0
2017-06-06,11.214929720917755,11.267872324159868,11.047279686723638,11.056102752685547,1348074,0.0,0
2017-06-07,11.03845654934916,11.091398314790545,10.897277386179876,11.011984825134277,1951333,0.0,0
2017-06-08,10.923749133648537,11.126693986396393,10.91492522487839,11.091399192810059,1646055,0.0,0
2017-06-09,11.038457012996226,11.276696650477595,11.038457012996226,11.2237548828125,1324666,0.0,0
2017-06-13,11.311990843911587,11.497288703918455,11.250225171074025,11.497288703918457,1995297,0.0,0
2017-06-14,11.559055758534875,11.770824510871293,11.550231850147302,11.691411018371582,2816542,0.0,0
2017-06-15,11.567879778959378,11.642881323447622,11.41346557691972,11.629646301269531,4223768,0.0,0
2017-06-16,11.629645162138976,11.717881720162488,11.603173437387136,11.647292137145996,1556229,0.0,0
2017-06-19,11.656116738763929,11.726706325979464,11.594351060323902,11.682587623596191,932522,0.0,0
2017-06-20,11.700234302620196,11.76641192900836,11.638467788696289,11.638467788696289,1020803,0.0,0
2017-06-21,11.497289144055237,11.61199742764065,11.461994352297744,11.506113052368164,1399364,0.0,0
2017-06-22,11.594350396984543,11.93406245046325,11.576702580443204,11.850237846374512,1852951,0.0,0
2017-06-23,11.956122483045123,11.956122483045123,11.735529820411427,11.814943313598633,1209774,0.0,0
2017-06-26,11.876709237924935,11.964946641419104,11.79729574307903,11.903180122375488,1366424,0.0,0
2017-06-27,11.903180211044605,11.9164160741156,11.75317712888366,11.762001037597656,1125212,0.0,0
2017-06-28,11.726706077763382,12.031124192120743,11.709059102080154,11.982593536376953,1271217,0.0,0
2017-06-29,12.04435887460584,12.137008229192087,11.991417107551595,12.097301483154297,1451761,0.0,0
2017-06-30,11.832590107685705,11.8678848995064,11.67376312374548,11.770824432373047,2239447,0.0,0
2017-07-03,11.788470268249512,11.82376505665917,11.717880691430196,11.788470268249512,1172726,0.0,0
2017-07-04,11.885531497098343,11.973768046852795,11.832588894050371,11.867883682250977,1295302,0.0,0
2017-07-05,11.850237741359491,11.87670862444271,11.726705551147461,11.726705551147461,959394,0.0,0
2017-07-06,11.717882508228037,11.735530325916137,11.479642859898538,11.54140853881836,1913717,0.0,0
2017-07-07,11.426699456811034,11.43552336504386,11.25904940785838,11.382580757141113,1943419,0.0,0
2017-07-10,11.435523551616205,11.444347459992994,11.29434438356446,11.364933967590332,2230302,0.0,0
2017-07-11,11.364933450268198,11.532583494324804,11.325226705874284,11.497288703918457,2057317,0.0,0
2017-07-12,11.426700779504399,11.479643393535499,11.294345506668106,11.409053802490234,1714421,0.0,0
2017-07-13,11.479642859898538,11.567879423856246,11.479642859898538,11.54140853881836,1236881,0.0,0
2017-07-14,11.594351060323902,11.76200111958723,11.585527151548396,11.682587623596191,1986475,0.0,0
2017-07-17,11.673762504887188,11.850237296129453,11.673762504887188,11.717881202697754,1039504,0.0,0
2017-07-18,11.7178807585367,11.726704666063181,11.461993330727719,11.523759841918945,1146834,0.0,0
2017-07-19,11.638468493624295,11.726705895149065,11.488466257422948,11.55023193359375,1013853,0.0,0
2017-07-20,11.673762947072076,11.700234671657627,11.572290527310066,11.664939880371094,1437008,0.0,0
2017-07-21,11.638467714937569,11.753175992647373,11.567878135038331,11.717881202697754,1355928,0.0,0
2017-07-24,11.611997871487384,11.629645688787791,11.42669999730432,11.514937400817871,1364403,0.0,0
2017-07-25,11.585526980239269,11.669352429378579,11.55905609579842,11.576703071594238,957576,0.0,0
2017-07-26,11.5061126872579,11.541407477895426,11.197282638058908,11.417875289916992,2689786,0.0,0
2017-07-27,11.417876169391207,11.510525527884996,11.303168722104422,11.435523986816406,1769383,0.0,0
2017-07-28,11.400228208998534,11.409052116949148,11.117869886532299,11.232577323913574,1729769,0.0,0
2017-07-31,11.223755491773826,11.391405553801686,11.206107673931802,11.33846378326416,1313231,0.0,0
2017-08-01,11.294344641993925,11.338463343393144,11.210519193484833,11.329639434814453,1078972,0.0,0
2017-08-02,11.30316704131965,11.320814014626485,11.117869193380177,11.135516166687012,2276532,0.0,0
2017-08-03,11.117870579067514,11.250225840594462,11.117870579067514,11.206107139587402,1639847,0.0,0
2017-08-04,11.126694156559799,11.259050265653398,11.117871089148974,11.197283744812012,1996797,0.0,0
2017-08-07,11.34728658988543,11.435523994078956,11.294344820564714,11.373758316040039,1296249,0.0,0
2017-08-08,11.38257928288259,11.444345791018234,11.135515774822295,11.267871856689453,1383426,0.0,0
2017-08-09,11.214931995599656,11.488467291758122,11.214931995599656,11.470819473266602,1216817,0.0,0
2017-08-10,11.479642770725095,11.691411532371697,11.461994953174083,11.682587623596191,1508520,0.0,0
2017-08-11,11.417875808848516,11.532584094007404,11.329639248991528,11.347286224365234,1938657,0.0,0
2017-08-14,11.382581644880675,11.48846686894427,11.303168989074386,11.33846378326416,1145134,0.0,0
2017-08-15,11.629644384289238,11.629644384289238,10.773744695593427,10.897276878356934,4608797,0.0,0
2017-08-16,10.720803794433323,10.72962770349568,10.156087078350993,10.588448524475098,7440594,0.0,0
2017-08-17,10.588446873644733,10.588446873644733,10.403149019696185,10.491386413574219,3771606,0.0,0
2017-08-18,10.411971860040802,10.75168469770452,10.376677074406524,10.7119779586792,3825354,0.0,0
2017-08-21,10.685508394148627,10.77374579678337,10.535505314566107,10.73845100402832,2514729,0.0,0
2017-08-22,10.764920787933002,10.950218641331185,10.756096880272576,10.897276878356934,2562557,0.0,0
2017-08-23,11.020809883928248,11.144342085346906,10.870806797024978,10.932573318481445,3008725,0.0,0
2017-08-24,10.879629500419728,11.038456478715958,10.800216011271612,10.967866897583008,2150607,0.0,0
2017-08-25,11.100222762066997,11.232578023593947,11.00316229304685,11.206107139587402,1701675,0.0,0
2017-08-28,11.2325781920612,11.294344710995155,10.959043756404549,10.985514640808105,2757787,0.0,0
2017-08-29,10.959042989567843,11.029632570700793,10.879629500419728,10.967866897583008,2869706,0.0,0
2017-08-30,10.967866456652036,11.047279942607563,10.84433427388853,10.897276878356934,1925277,0.0,0
2017-08-31,10.9413958593369,11.082575871946053,10.870806273779442,11.06492805480957,2431325,0.0,0
2017-09-01,11.10519689525319,11.163363191617568,10.988865155928238,11.1409912109375,1363888,0.175,0
2017-09-04,11.024657762477704,11.140989483767937,11.020183367035347,11.051504135131836,1124886,0.0,0
2017-09-05,10.96201891146263,11.11414495646543,10.92622459813278,10.99781322479248,1875287,0.0,0
2017-09-06,10.881482494593781,11.00676302948029,10.76515075221427,10.962019920349121,2120930,0.0,0
2017-09-07,10.979916084134322,11.006761604776639,10.89937866880366,10.970967292785645,2777318,0.0,0
2017-09-08,10.944122335335123,10.99781423697329,10.91727681121795,10.962019920349121,2596388,0.0,0
2017-09-11,11.00676233582551,11.21257943009278,10.99781354388247,11.114145278930664,2038525,0.0,0
2017-09-12,11.105196464959956,11.167836301629437,11.087299734513147,11.096247673034668,2346128,0.0,0
2017-09-13,11.114144378607469,11.167835419108812,11.00676144420108,11.078350067138672,1632258,0.0,0
2017-09-14,11.006761581464275,11.038081497714593,10.881481063059288,10.953069686889648,3148626,0.0,0
2017-09-15,10.890429931107867,10.979916138228068,10.881481139715103,10.935173034667969,2363716,0.0,0
2017-09-18,11.033608983414899,11.087300887144652,10.957545950950001,11.006763458251953,1563295,0.0,0
2017-09-19,11.006763318944955,11.149940589207029,11.006763318944955,11.060454368591309,1767350,0.0,0
2017-09-20,11.00676285495404,11.105197010758754,10.962019746532329,11.069402694702148,2047123,0.0,0
2017-09-21,11.015710427076563,11.069401468512053,10.805418096810365,10.917275428771973,2844493,0.0,0
2017-09-22,10.979917505363119,11.05150613861146,10.908328018710952,10.962019920349121,1474446,0.0,0
2017-09-25,10.935174454786361,11.096248453755718,10.908328077121611,10.926225662231445,1106897,0.0,0
2017-09-26,10.926225427698787,10.935174220061617,10.724881866554167,10.791996955871582,1459984,0.0,0
2017-09-27,10.756201666598722,10.78304718785441,10.648817874768513,10.77409839630127,2420128,0.0,0
2017-09-28,10.91727681121795,10.984391048212792,10.872533702086782,10.962019920349121,1473196,0.0,0
2017-09-29,10.970968424787985,11.149940003209526,10.881482208875314,11.1409912109375,2857740,0.0,0
2017-10-02,11.149940490722654,11.266272235134025,11.123094966136598,11.149940490722656,1193479,0.0,0
2017-10-03,11.194683841200298,11.194683841200298,10.975443536661205,11.006763458251953,1391259,0.0,0
2017-10-04,10.944120120813398,10.988863220890888,10.850160378713959,10.8635835647583,1845079,0.0,0
2017-10-05,10.836739152900405,10.997814000954333,10.809893629359353,10.827791213989258,1273662,0.0,0
2017-10-06,10.970967269549094,11.114144517209816,10.863584333803555,10.953069686889648,1125272,0.0,0
2017-10-09,10.997812219178934,11.10519514934965,10.979915490852315,11.03360652923584,2015995,0.0,0
2017-10-10,10.997812813427961,11.123093332098293,10.953069710088291,10.970967292785645,1895521,0.0,0
2017-10-11,11.015711239996465,11.078351077428369,10.984390467876732,11.042556762695312,1433793,0.0,0
2017-10-12,11.096248124213247,11.221528656049944,11.096248124213247,11.158888816833496,1415644,0.0,0
2017-10-13,11.203632313342075,11.311015264323789,11.167837142944336,11.167837142944336,1685438,0.0,0
2017-10-16,11.266271237349802,11.302065551429076,11.19468260919125,11.203631401062012,1224505,0.0,0
2017-10-17,11.507882170595582,11.865826150066153,11.409448024278133,11.80318546295166,3451272,0.0,0
2017-10-18,11.901621382019107,12.241667804751515,11.883723797631392,12.205873489379883,3466408,0.0,0
2017-10-19,12.223769319988682,12.366946570929102,12.107437590248658,12.17007827758789,2463445,0.0,0
2017-10-20,12.134283477680146,12.205872100276183,12.107437104153858,12.161128997802734,1131216,0.0,0
2017-10-23,12.16113004197602,12.304307299461517,12.062695037401916,12.071643829345703,1262397,0.0,0
2017-10-24,12.044798591784472,12.053747383939903,11.847929431383966,11.892672538757324,1526925,0.0,0
2017-10-25,11.901621644413147,12.035850116665145,11.888198455826423,12.009004592895508,1287517,0.0,0
2017-10-26,12.017953032994031,12.071644078959412,11.901621295530653,11.946364402770996,1598848,0.0,0
2017-10-27,11.973208586398583,12.053745999741313,11.713699617518502,11.865825653076172,1481333,0.0,0
2017-10-30,11.919517137414633,12.00005455375993,11.838979721069336,11.838979721069336,721425,0.0,0
2017-10-31,11.785290075966953,11.910570611064559,11.780815679705915,11.90162181854248,1194008,0.0,0
2017-11-01,11.901621818542482,11.964261659389372,11.865827501857998,11.90162181854248,1295623,0.0,0
2017-11-02,11.955311797660007,12.009003694586783,11.901620754136982,11.973209381103516,1498249,0.0,0
2017-11-03,12.009002897506052,12.035848417485731,11.8389792796928,11.865825653076172,831341,0.0,0
2017-11-06,11.928466761774889,12.05374729077119,11.90162123891989,11.982158660888672,729738,0.0,0
2017-11-07,12.017953444126082,12.25956486604336,12.017953444126082,12.250616073608398,1578502,0.0,0
2017-11-08,12.205872923441225,12.272987154975738,12.134284296017245,12.214820861816406,1274263,0.0,0
2017-11-09,12.286410389944432,12.286410389944432,12.187976233371291,12.250616073608398,1012831,0.0,0
2017-11-10,12.214821349465366,12.232718933737758,12.071644088901378,12.223770141601562,1229644,0.0,0
2017-11-13,12.259565196388749,12.393794526318676,12.187976561787657,12.384845733642578,1109099,0.0,0
2017-11-14,12.331152505686953,12.384844402569103,12.250615087065604,12.304306983947754,941487,0.0,0
2017-11-15,12.277462450913287,12.295359182379395,12.187976233371291,12.250616073608398,1595598,0.0,0
2017-11-16,12.214820638739159,12.250614951797443,12.02690028183223,12.098489761352539,1737855,0.0,0
2017-11-17,12.286409400519121,12.349050089115586,12.21482077361209,12.304306983947754,993765,0.0,0
2017-11-20,12.223769297027633,12.277461192731302,12.143231880173996,12.152180671691895,785984,0.0,0
2017-11-21,12.205872945730327,12.250615197899203,12.125335526380342,12.232718467712402,852241,0.0,0
2017-11-22,12.25956434302793,12.32220503399649,12.205873297516346,12.295358657836914,666670,0.0,0
2017-11-23,12.31325583119972,12.331152561305325,12.223769620460436,12.268512725830078,598165,0.0,0
2017-11-24,12.25061555097474,12.313256241943298,12.170078982707363,12.295358657836914,853157,0.0,0
2017-11-27,12.313255753145615,12.384844379921738,12.277461439757554,12.286409378051758,831852,0.0,0
2017-11-28,12.322205112763418,12.375896158618211,12.232718898467049,12.277462005615234,1172008,0.0,0
2017-11-29,12.313255929042628,12.53697060426475,12.313255929042628,12.528021812438965,1404827,0.0,0
2017-11-30,12.474330378938484,12.61750849326609,12.411690540635265,12.519073486328125,2141074,0.0,0
2017-12-01,12.528020805858874,12.635403738929222,12.510123223645303,12.563815116882324,1205365,0.0,0
2017-12-04,12.528019930562383,12.572763029566547,12.456431313517173,12.47432804107666,840279,0.0,0
2017-12-05,12.438533732554056,12.528019930562383,12.250613399459475,12.47432804107666,1782085,0.0,0
2017-12-06,12.501175391829555,12.572764014482823,12.402740395628538,12.492226600646973,934168,0.0,0
2017-12-07,12.483279677759848,12.617509005376775,12.483279677759848,12.545920372009277,1034832,0.0,0
2017-12-08,12.545918852736984,12.617507477435318,12.492226957511372,12.554866790771484,552054,0.0,0
2017-12-11,12.572764212103232,12.706992668337007,12.519072317567497,12.662249565124512,2112003,0.0,0
2017-12-12,12.706993291983443,12.706993291983443,12.545919307278307,12.617507934570312,2040333,0.0,0
2017-12-13,12.617508572690273,12.644354095931526,12.460908122542666,12.501176834106445,909405,0.0,0
2017-12-14,12.635404754137133,12.662250276210735,12.519073020613176,12.528021812438965,969378,0.0,0
2017-12-15,12.528022943150223,12.528022943150223,12.36694808936335,12.420639991760254,2114927,0.0,0
2017-12-18,12.492228275958512,12.635405540466309,12.393794119960356,12.635405540466309,970593,0.0,0
2017-12-19,12.62645557648783,12.823324723620669,12.528021429623276,12.778581619262695,1027583,0.0,0
2017-12-20,12.778583022395022,12.903863557672832,12.733839913124102,12.84122371673584,1180413,0.0,0
2017-12-21,12.698044855316423,12.756211149995119,12.63540501803516,12.680148124694824,2358939,0.0,0
2017-12-22,12.724891231354487,12.760685546001463,12.653302602060537,12.680148124694824,683023,0.0,0
2017-12-27,12.689096782252388,12.787530933137607,12.689096782252388,12.73383903503418,505900,0.0,0
2017-12-28,12.644354332848998,12.760686073612534,12.590662431956668,12.635405540466309,786957,0.0,0
2017-12-29,12.608558685997096,12.63540420690804,12.496701353230485,12.554866790771484,1049362,0.0,0
2018-01-02,12.492227963255857,12.52802227848681,12.42063933279395,12.519073486328125,1139573,0.0,0
2018-01-03,12.519071140080824,12.590659757126032,12.438533732554056,12.47432804107666,639296,0.0,0
2018-01-04,12.519073507875945,12.626456453753631,12.49222798475747,12.536971092224121,1200556,0.0,0
2018-01-05,12.635405188467978,12.751736925990734,12.572765350341797,12.572765350341797,1098764,0.0,0
2018-01-08,12.617507392173295,12.68014722501012,12.545918767958716,12.644352912902832,704829,0.0,0
2018-01-09,12.644352998346262,12.698044040168151,12.501175748949596,12.554866790771484,1236955,0.0,0
2018-01-10,12.590660797226619,12.590660797226619,12.438534760087679,12.456432342529297,1101159,0.0,0
2018-01-11,12.420638549895408,12.465381654464798,12.308781215173804,12.411689758300781,1099424,0.0,0
2018-01-12,12.474328710852115,12.52802060322068,12.375894570480705,12.393792152404785,616158,0.0,0
2018-01-15,12.501176493428149,12.554867538447484,12.33115285959145,12.366947174072266,649568,0.0,0
2018-01-16,12.349050089115586,12.42063871602262,12.304306983947754,12.304306983947754,982440,0.0,0
2018-01-17,12.259565137973379,12.456434308890243,12.259565137973379,12.420639991760254,1090061,0.0,0
2018-01-18,12.438535446047503,12.456433029476136,12.286409400519121,12.304306983947754,893252,0.0,0
2018-01-19,12.313255798113119,12.366946841689414,12.286409422921219,12.32220458984375,661687,0.0,0
2018-01-22,12.349050635690814,12.39826728549041,12.17902699920847,12.277462005615234,1027720,0.0,0
2018-01-23,12.3490503874146,12.43853574650809,12.3490503874146,12.402741432189941,1484602,0.0,0
2018-01-24,12.402741769824168,12.59066213846107,12.357999515761309,12.536971092224121,701943,0.0,0
2018-01-25,12.572765008447027,12.590661738823353,12.366947061994773,12.438535690307617,787321,0.0,0
2018-01-29,12.51012379568033,12.519072587196305,12.349049815411423,12.483278274536133,954103,0.0,0
2018-01-30,12.429587507736935,12.429587507736935,12.250615087065604,12.304306983947754,960272,0.0,0
2018-01-31,12.214821428169945,12.26851332792929,12.03584985131178,12.205873489379883,1861548,0.0,0
2018-02-01,12.286408966836536,12.492226901982157,12.2550890503457,12.259563446044922,1714474,0.0,0
2018-02-02,12.241667690577442,12.349050635690814,12.196924583429258,12.277462005615234,846735,0.0,0
2018-02-05,12.125334846993276,12.286408823264455,12.01795191167792,12.053746223449707,1347243,0.0,0
2018-02-06,11.642112246350825,11.767391921987526,11.230477197679269,11.284168243408203,2892368,0.0,0
2018-02-07,11.615265604550146,11.668957502455434,11.436294033872134,11.481037139892578,1766111,0.0,0
2018-02-08,11.427346551320948,11.919518176971277,11.400500174595301,11.821084022521973,2046686,0.0,0
2018-02-09,11.543677330017088,11.62421475264108,11.481037491711225,11.54367733001709,1552757,0.0,0
2018-02-12,11.489986419677734,11.552626258723977,11.319962780261069,11.489986419677734,1710784,0.0,0
2018-02-13,11.364704922267538,11.58841958945156,10.783047128950574,11.472087860107422,3587244,0.0,0
2018-02-14,11.275221270092997,11.275221270092997,10.935174822214854,11.006763458251953,4599285,0.0,0
2018-02-15,11.09624663739829,11.212578361358245,10.953069393571786,11.1857328414917,4973389,0.0,0
2018-02-16,11.25732262880543,11.25732262880543,11.015711218186604,11.024659156799316,1229031,0.0,0
2018-02-19,10.96201834151416,11.140989898858141,10.917275238827239,11.078350067138672,1920477,0.0,0
2018-02-20,11.006761010044077,11.096246358484505,10.953069118256886,11.03360652923584,1370196,0.0,0
2018-02-21,10.953070272856055,11.221528053283691,10.953070272856055,11.221528053283691,1445148,0.0,0
2018-02-22,11.230476923270526,11.248373653608281,11.096247605420421,11.203631401062012,1720649,0.0,0
2018-02-23,11.319962225404238,11.387077310697004,11.096247550171714,11.239425659179688,2417422,0.0,0
2018-02-26,11.319963575303857,11.364706686366707,11.22152941368868,11.248374938964844,1712107,0.0,0
2018-02-27,11.334585136936406,11.334585136936406,11.144011609734198,11.234761238098145,1645035,0.175,0
2018-02-28,11.243836564779508,11.488859180794876,11.171237207037725,11.434410095214844,2670797,0.0,0
2018-03-01,11.35273636457734,11.416260590508648,11.193924934296396,11.28921127319336,1366506,0.0,0
2018-03-02,11.20753763933282,11.31643668326621,11.107712866637712,11.28921127319336,1271357,0.0,0
2018-03-05,11.234760255525439,11.325509010500058,11.198460580445087,11.252909660339355,972783,0.0,0
2018-03-06,11.234762135486218,11.316436634447083,11.198462454331684,11.216611862182617,3078308,0.0,0
2018-03-07,11.107712591877297,11.189387089170205,10.853614828984751,10.917139053344727,3077475,0.0,0
2018-03-08,10.944363563980867,11.080487137988662,10.926213292538453,10.962512969970703,1799135,0.0,0
2018-03-09,10.926214460082063,11.28921127319336,10.926214460082063,11.28921127319336,2435837,0.0,0
2018-03-12,11.36181158179912,11.416260671425407,11.271061945151741,11.343661308288574,1929922,0.0,0
2018-03-13,11.261986708223077,11.325510934039599,11.116787983240929,11.225687026977539,2978595,0.0,0
2018-03-14,11.080487280238946,11.125862093974924,10.989737652766996,11.08956241607666,1504618,0.0,0
2018-03-15,10.980664253234863,11.098637566670988,10.957976411841258,10.980664253234863,2667961,0.0,0
2018-03-16,10.898989620730433,10.994275957050656,10.835464531064305,10.880839347839355,2988547,0.0,0
2018-03-19,10.935290292841602,11.153088394571974,10.781016421086074,10.862690925598145,990961,0.0,0
2018-03-20,10.799164800425354,10.844539616989017,10.717491169153927,10.808239936828613,2216709,0.0,0
2018-03-21,10.826390103878856,10.894451895333178,10.690265655517578,10.690265655517578,1571159,0.0,0
2018-03-22,10.617665519249528,10.862688989105378,10.581365842098947,10.85361385345459,2455207,0.0,0
2018-03-23,10.653965981282761,10.681191390240834,10.590441757952528,10.63581657409668,1714142,0.0,0
2018-03-26,10.52691835571947,10.59044258400458,10.481543536036092,10.508768081665039,1998413,0.0,0
2018-03-27,10.635817482611305,10.753791668482437,10.472468476720088,10.563218116760254,1664525,0.0,0
2018-03-28,10.472467393846602,10.535991616034565,10.37264349248657,10.46339225769043,1520826,0.0,0
2018-03-29,10.427092607033028,10.545066781028023,10.381717791580703,10.472467422485352,1668157,0.0,0
2018-04-03,10.290968841185713,10.290968841185713,10.100395312072918,10.218369483947754,1537652,0.0,0
2018-04-04,10.163919394085418,10.20021907220723,10.073170631507189,10.091320037841797,1542396,0.0,0
2018-04-05,10.182069884853902,10.345418007188808,10.172994748765126,10.327268600463867,1668396,0.0,0
2018-04-06,10.345417199240202,10.554140985718234,10.290968117865095,10.454317092895508,1947761,0.0,0
2018-04-09,10.436167688318312,10.454317960584817,10.322731083010504,10.427092552185059,1386075,0.0,0
2018-04-10,10.381716816784953,10.481541574497502,10.32726773571678,10.436166763305664,804055,0.0,0
2018-04-11,10.436167610193111,10.445242746258428,10.28189375889318,10.290968894958496,1153696,0.0,0
2018-04-12,10.254669158792145,10.318193379988827,10.20929434417197,10.272818565368652,1208481,0.0,0
2018-04-13,10.309118270874023,10.354493085612596,10.290968864250159,10.309118270874023,529250,0.0,0
2018-04-16,10.30004397720361,10.34541792638788,10.209294347929857,10.218369483947754,1251068,0.0,0
2018-04-17,10.218369370022039,10.318193268748134,10.154844284057617,10.154844284057617,2076356,0.0,0
2018-04-18,10.182070656393625,10.182070656393625,10.027796793004882,10.100396156311035,2137227,0.0,0
2018-04-19,10.036871647767914,10.07317132840105,9.610349751239063,9.7827730178833,4939885,0.0,0
2018-04-20,9.692024369990117,10.145770816293734,9.646649552269222,9.964271545410156,4153491,0.0,0
2018-04-23,9.93704588062671,9.955196151849817,9.642110896871735,9.692023277282715,2246439,0.0,0
2018-04-24,9.710172766004732,9.909821423901636,9.710172766004732,9.855371475219727,1972726,0.0,0
2018-04-26,9.728323829234176,9.791848053323239,9.546825427942103,9.637574195861816,2582943,0.0,0
2018-04-27,9.664798919454531,9.837223052978516,9.646649511714074,9.837223052978516,2876533,0.0,0
2018-04-30,9.85537243601067,9.909822390000855,9.719248849214198,9.800923347473145,1931010,0.0,0
2018-05-01,9.800922503735222,9.991496028115863,9.800922503735222,9.973345756530762,11953142,0.0,0
2018-05-02,10.018720950488223,10.427092556681925,10.000571543666508,10.37264347076416,3502772,0.0,0
2018-05-03,10.663041410988887,11.289211121558427,10.663041410988887,11.098637580871582,7022542,0.0,0
2018-05-04,10.998812703364504,11.053262652516207,10.712952850312654,11.035112380981445,2642891,0.0,0
2018-05-07,11.09863732570796,11.153087278417791,10.717491118549685,10.735640525817871,3054336,0.0,0
2018-05-08,10.808239908413094,10.976126469621477,10.762865091968722,10.799164772033691,1858942,0.0,0
2018-05-09,11.243836512063663,11.425334905567182,11.171237154662256,11.361810684204102,4019101,0.0,0
2018-05-10,11.597758268878865,11.75203212112798,11.497934367904042,11.534234046936035,3095093,0.0,0
2018-05-11,11.606833238371669,11.606833238371669,11.34819792080014,11.370884895324707,1313008,0.0,0
2018-05-14,11.47978395802362,11.547846612663598,11.361810651673565,11.407184600830078,1585580,0.0,0
2018-05-15,11.352736323315675,11.407185412358139,11.098637689608623,11.162162780761719,1930593,0.0,0
2018-05-16,11.207536749789481,11.352735463509562,11.062337170616798,11.307360649108887,1812381,0.0,0
2018-05-17,11.334585110928984,11.352735382741166,11.121324609851419,11.171236991882324,1388260,0.0,0
2018-05-18,11.252911240252514,12.069655342410407,11.134937928767261,11.960756301879883,5267318,0.0,0
2018-05-21,11.960756380388395,12.042430877685547,11.670358071614892,12.042430877685547,3515563,0.0,0
2018-05-22,11.951682234241156,12.115031242370605,11.951682234241156,12.115031242370605,2015517,0.0,0
2018-05-23,12.160404215205075,12.205779032181375,11.969830676266739,12.078730583190918,2021192,0.0,0
2018-05-24,11.924457425855996,11.96075710848079,11.747495715789016,11.797408103942871,1727226,0.0,0
2018-05-25,11.870006637550764,11.997055950562505,11.779257004620572,11.97890567779541,1226022,0.0,0
2018-05-28,11.933530914759206,12.04243082094406,11.888156963543603,12.024280548095703,992268,0.0,0
2018-05-29,12.01520624096305,12.060581060763075,11.879082647015675,11.897232055664062,1763424,0.0,0
2018-05-30,11.670357737667644,11.706657417044035,11.56145869953847,11.624983787536621,3504447,0.0,0
2018-05-31,11.733882878085922,11.888156732487946,11.579609023683897,11.697583198547363,3880939,0.0,0
2018-06-01,11.561459446181871,11.60683426469584,11.407185582505987,11.416260719299316,1619323,0.0,0
2018-06-04,11.507009424037317,11.643133003097905,11.425334930419922,11.425334930419922,945109,0.0,0
2018-06-05,11.47978311718118,11.588683010447674,11.452558576590828,11.525157928466797,1416879,0.0,0
2018-06-06,11.51608369667474,11.529696400764244,11.398110389709473,11.398110389709473,1978139,0.0,0
2018-06-07,11.352735546220067,11.461634582303514,11.352735546220067,11.38903522491455,4947312,0.0,0
2018-06-08,11.34366046531131,11.552383402455783,11.34366046531131,11.434410095214844,1477844,0.0,0
2018-06-12,11.389035406166382,11.742957062706951,11.343660590713005,11.670357704162598,2042951,0.0,0
2018-06-13,11.588683940501257,11.66128329820371,11.298285644238831,11.516083717346191,1813341,0.0,0
2018-06-14,11.443485114450763,11.470710524474416,11.044188620749853,11.225687026977539,3374546,0.0,0
2018-06-15,11.271060830677047,11.280135966534978,11.04418762694434,11.18031120300293,3949859,0.0,0
2018-06-18,11.225687026977539,11.289211252794063,11.180312209057451,11.225687026977539,1435090,0.0,0
2018-06-19,11.289211256685885,11.334586074621615,11.134938260428669,11.19846248626709,1367955,0.0,0
2018-06-20,11.334584174087288,11.416258659586244,11.1530857982299,11.207535743713379,1691667,0.0,0
2018-06-21,11.298285513138232,11.434409956340259,11.252910698737557,11.307360649108887,4263789,0.0,0
2018-06-22,11.361811452253415,11.37996086010435,11.198462454331684,11.216611862182617,1015809,0.0,0
2018-06-25,11.271060833535373,11.389035003360608,11.125862121582031,11.125862121582031,1630567,0.0,0
2018-06-26,11.116787885883692,11.14854999851379,11.02603825083827,11.080488204956055,1150739,0.0,0
2018-06-27,11.116787814668031,11.207537449132099,10.908064867034396,10.944364547729492,2064889,0.0,0
2018-06-28,10.917139005963488,10.944364415244728,10.785552989581399,10.817315101623535,1404728,0.0,0
2018-06-29,10.862689838505721,10.867227406685927,10.735640525817871,10.735640525817871,3287060,0.0,0
2018-07-02,10.799163905002434,10.894451098430565,10.753789957653636,10.85361385345459,1198598,0.0,0
2018-07-03,10.935289386320358,10.976126635191038,10.889914569191529,10.908064842224121,1142851,0.0,0
2018-07-04,10.862690798080083,10.935290164471288,10.735641474169112,10.762866020202637,1278557,0.0,0
2018-07-05,10.753791803619396,10.799165758756962,10.717492120237713,10.78101634979248,2430705,0.0,0
2018-07-06,10.744714736938477,10.771939278222737,10.65396511205419,10.744714736938477,2410814,0.0,0
2018-07-09,10.7447158467414,10.94890122564215,10.726565573708807,10.908064842224121,3605385,0.0,0
2018-07-10,11.007887837998378,11.166699252100866,10.971588160385174,11.062336921691895,1819915,0.0,0
2018-07-11,10.989737597689228,11.080487224706365,10.898988836124675,11.016963005065918,1687745,0.0,0
2018-07-12,11.053262708019652,11.189386283403579,11.053262708019652,11.107711791992188,1510474,0.0,0
2018-07-13,11.116786870837991,11.134937142370884,11.007887837998378,11.062336921691895,916532,0.0,0
2018-07-16,11.098637531182927,11.098637531182927,10.889914583745087,11.02603816986084,1150035,0.0,0
2018-07-17,11.044187629745132,11.134937257442264,11.044187629745132,11.125862121582031,1259557,0.0,0
2018-07-18,11.11678795537082,11.225686998834417,11.089563410868086,11.216611862182617,915651,0.0,0
2018-07-19,11.25290975019889,11.366346343912397,11.08956164375916,11.33458423614502,1182615,0.0,0
2018-07-20,11.37088492410579,11.461634553338966,11.320973406934886,11.379960060119629,931063,0.0,0
2018-07-23,11.316436662817717,11.316436662817717,11.12586311991548,11.225687026977539,809698,0.0,0
2018-07-24,11.29828556503976,11.470709687463883,11.189386529249443,11.407184600830078,763201,0.0,0
2018-07-25,11.343661108044582,11.343661108044582,11.035113387433345,11.080488204956055,1336831,0.0,0
2018-07-26,11.062336177574945,11.243835418884856,11.00788709754399,11.207535743713379,1122963,0.0,0
2018-07-27,11.271060941924054,11.398110248831298,11.252910670029049,11.298285484313965,932179,0.0,0
2018-07-30,11.289211224491684,11.298286361143482,11.180312181028086,11.216611862182617,681323,0.0,0
2018-07-31,11.30736154657526,11.434410863890548,11.175774660914495,11.28921127319336,1350189,0.0,0
2018-08-01,11.289211353209613,11.402647966292498,11.198462582014908,11.343661308288574,928485,0.0,0
2018-08-02,11.252911476686698,11.316436567420373,11.030575822750485,11.053263664245605,2695787,0.0,0
2018-08-03,11.08956235927995,11.166699282600264,10.962513054560437,11.044187545776367,841129,0.0,0
2018-08-06,11.01696300265054,11.13493717156592,11.0078878668603,11.071412086486816,652294,0.0,0
2018-08-07,11.044188474710854,11.107712699687387,10.917139159305133,11.007888793945312,806444,0.0,0
2018-08-08,10.917138072104965,10.998812562056914,10.821851744129404,10.85361385345459,910368,0.0,0
2018-08-09,10.835463748656057,11.107711764195198,10.817314342528158,11.071412086486816,1337453,0.0,0
2018-08-10,11.125863143882084,11.316436687194841,11.098637733799782,11.26198673248291,1256258,0.0,0
2018-08-13,11.225686127639138,11.330047594677625,11.125862228574404,11.298285484313965,936056,0.0,0
2018-08-14,10.889915211031092,10.935290030834262,10.245595193093644,10.517843246459961,6884513,0.0,0
2018-08-15,10.372643275914628,10.381717546428717,9.964270811939564,10.20021915435791,5042626,0.0,0
2018-08-16,10.200219125504008,10.290968754009002,10.027795869887635,10.191143989562988,2066593,0.0,0
2018-08-17,10.209294449615257,10.499691881459476,10.209294449615257,10.418017387390137,2491716,0.0,0
2018-08-20,10.42709351059843,10.517843149367037,10.345419008797222,10.399868965148926,1522455,0.0,0
2018-08-21,10.408943960498828,10.408943960498828,10.1820707321167,10.1820707321167,2088682,0.0,0
2018-08-22,10.163919559941439,10.309118274798049,10.163919559941439,10.254669189453125,1617149,0.0,0
2018-08-23,10.254669244752884,10.381717688211243,10.182069886933077,10.300044059753418,1268697,0.0,0
2018-08-24,10.272818622827863,10.436167610193111,10.263744352215157,10.290968894958496,3189594,0.0,0
2018-08-27,10.300044833892175,10.318194241984907,10.064096470517903,10.127620697021484,2227902,0.0,0
2018-08-28,10.145770018389127,10.163919424778543,10.009645575931824,10.07317066192627,1776310,0.0,0
2018-08-29,10.0731716863476,10.254670095962766,10.055021412659741,10.1820707321167,2302503,0.0,0
2018-08-30,10.209294266474231,10.25466908074908,10.08224495959517,10.10947036743164,1485048,0.0,0
2018-08-31,10.146365761136899,10.146365761136899,9.989558219909668,9.989558219909668,2407492,0.18,0
2018-09-03,10.100246459725506,10.20171068754503,9.96188726863779,9.998783111572266,2786570,0.0,0
2018-09-04,9.971111817643193,10.035679325247225,9.786631716489417,9.851200103759766,1587024,0.0,0
2018-09-05,9.851199371368473,9.915766874172208,9.509912617073194,9.639047622680664,2658564,0.0,0
2018-09-06,9.639046949480624,9.639046949480624,9.214744361404946,9.426896095275879,5089415,0.0,0
2018-09-07,9.463793235345904,9.62060079247539,9.4361206925586,9.583704948425293,2217467,0.0,0
2018-09-10,9.454567649398786,9.629822662675986,9.454567649398786,9.565255165100098,1567754,0.0,0
2018-09-11,9.583703971741109,9.740511512890192,9.565255611762995,9.68516731262207,2015128,0.0,0
2018-09-12,9.66671850124309,9.68516686035973,9.509911847082531,9.565255165100098,1134179,0.0,0
2018-09-13,9.537584012399913,9.57909194294965,9.408448130726699,9.445343971252441,1893869,0.0,0
2018-09-14,9.500688586860614,9.68516779754731,9.491464406409712,9.666719436645508,3503522,0.0,0
2018-09-17,9.639048577291751,10.008007909042751,9.629824396073051,9.841976165771484,2749672,0.0,0
2018-09-18,9.777407242356194,9.897318062189896,9.74051140248439,9.823526382446289,2278124,0.0,0
2018-09-19,9.814303483541613,10.10947021458561,9.814303483541613,10.081798553466797,1687483,0.0,0
2018-09-20,10.08179873364029,10.201710440186437,9.952662846667609,10.008007049560547,1961316,0.0,0
2018-09-21,10.07257487018524,10.275502447623545,10.017230665550688,10.266278266906738,2274991,0.0,0
2018-09-24,10.18326187133789,10.293949395196687,10.10947018876536,10.18326187133789,1435583,0.0,0
2018-09-25,10.183262113807372,10.229382136429908,10.05412622639752,10.17403793334961,1228612,0.0,0
2018-09-26,10.174038023889603,10.238606408002264,10.054126315870402,10.137142181396484,1915791,0.0,0
2018-09-27,10.127917275843211,10.210933135426552,10.109469795750364,10.164813995361328,1049112,0.0,0
2018-09-28,10.174038278389899,10.395414218552524,10.081799109682908,10.330845832824707,1924255,0.0,0
2018-10-01,10.155589917922562,10.257053258622223,10.054125697556684,10.091021537780762,1321202,0.0,0
2018-10-02,10.137142272267216,10.229382319159999,10.081798947864572,10.10024642944336,1885524,0.0,0
2018-10-03,10.06335034509216,10.164814570172268,10.017230322752683,10.10947036743164,1557311,0.0,0
2018-10-04,10.100246622765273,10.312398382812813,10.100246622765273,10.229382514953613,1015797,0.0,0
2018-10-05,10.109471284360481,10.293950510784398,10.109471284360481,10.21093463897705,971701,0.0,0
2018-10-08,10.164814009302606,10.229381509215445,10.05412560992887,10.127917289733887,1192384,0.0,0
2018-10-09,10.118693975629894,10.210933135426552,10.008006456074177,10.164813995361328,1513061,0.0,0
2018-10-10,10.044903195744867,10.16481490592176,9.943438967313341,10.063350677490234,1937991,0.0,0
2018-10-11,9.915767123684347,9.961887146704505,9.629823684692381,9.629823684692383,2652721,0.0,0
2018-10-12,9.57448092178325,9.869647678940455,9.51913671498311,9.81430435180664,3435659,0.0,0
2018-10-15,9.731288815952292,9.8327521722963,9.62060127821346,9.768184661865234,1116968,0.0,0
2018-10-16,9.77740832385412,9.961887543618737,9.745123690687292,9.88809585571289,1347772,0.0,0
2018-10-17,10.00800792974391,10.344682627925854,10.00800792974391,10.21093463897705,1453521,0.0,0
2018-10-18,10.238606263984298,10.672132187263813,10.238606263984298,10.616788864135742,2593047,0.0,0
2018-10-19,10.60756403877869,10.699804077938902,10.51532399961848,10.672131538391113,3033617,0.0,0
2018-10-22,10.672131943789834,10.718251965121887,10.413861055863086,10.626012802124023,2039916,0.0,0
2018-10-23,10.469206151638376,10.589116985811344,10.312398593515185,10.321621894836426,1227305,0.0,0
2018-10-24,10.220158634723386,10.42308621993982,10.20171115224898,10.2847261428833,1456718,0.0,0
2018-10-25,10.11869475919949,10.13714224072087,9.924991365060468,9.934215545654297,1472481,0.0,0
2018-10-26,9.888095174690905,10.06335020148039,9.376164605394225,9.473016738891602,3171199,0.0,0
2018-10-29,9.59292715483696,9.722063034107034,9.306984616000223,9.519135475158691,1863670,0.0,0
2018-10-30,9.51913559148393,9.731287332901134,9.463792270882031,9.68516731262207,2334543,0.0,0
2018-10-31,9.869646072250738,10.257052817786395,9.454567667652872,9.463791847229004,5487179,0.0,0
2018-11-01,9.436120307025822,10.192486398649311,9.288536936855271,9.832751274108887,6117778,0.0,0
2018-11-02,9.685167312622072,9.768183173191142,9.602151452053,9.68516731262207,2411757,0.0,0
2018-11-05,9.648271533977141,9.809691166152101,9.426896490822683,9.445343971252441,3007280,0.0,0
2018-11-06,9.436120123134646,9.537584347899271,9.33465677803628,9.399224281311035,1981182,0.0,0
2018-11-07,9.334657762830332,9.366941517873604,9.104058507188281,9.297761917114258,3491411,0.0,0
2018-11-08,9.343881168067583,9.445344515442594,9.205521098374811,9.223969459533691,4543729,0.0,0
2018-11-09,9.187073018795468,9.251640519315593,8.92880213704875,9.076385498046875,3020789,0.0,0
2018-11-12,9.076385498046875,9.214744679066062,9.01181799752675,9.076385498046875,1740046,0.0,0
2018-11-13,8.882681913494455,9.002593611477192,8.827337714553886,8.947249412536621,2071067,0.0,0
2018-11-14,9.122504496968755,9.150176154141379,8.974920272827147,8.974920272827148,2447765,0.0,0
2018-11-15,9.07638494118926,9.159400796574042,8.9610853375251,9.094832420349121,1607461,0.0,0
2018-11-16,9.057937072356474,9.113281272162252,8.984145392392909,9.011817932128906,1354393,0.0,0
2018-11-19,9.011818598857928,9.048714441569407,8.891906890129054,8.919578552246094,1180054,0.0,0
2018-11-20,8.855011507438803,8.891907352067035,8.661308103224007,8.735099792480469,1859475,0.0,0
2018-11-21,8.633635613840239,8.661308157233714,8.513723898134167,8.596739768981934,2186231,0.0,0
2018-11-22,8.642859741076728,8.753547274961424,8.582904323430725,8.735099792480469,1306194,0.0,0
2018-11-23,8.891906511246285,8.928802352385636,8.781218987828229,8.86423397064209,1018560,0.0,0
2018-11-26,8.891906691677613,8.891906691677613,8.730487053542639,8.79044246673584,1607582,0.0,0
2018-11-27,8.891905974861173,9.150176847257002,8.818114297033793,9.122505187988281,1959141,0.0,0
2018-11-28,9.288536476653869,9.306984836844299,9.030265591651458,9.242417335510254,2108553,0.0,0
2018-11-29,9.242417219002876,9.306984719523,8.97031006728775,9.076385498046875,2682039,0.0,0
2018-11-30,9.05793786671979,9.067162047440732,8.744322759538111,8.781219482421875,3514590,0.0,0
2018-12-03,8.855010946295321,9.288536873287851,8.855010946295321,9.260865211486816,3821939,0.0,0
2018-12-04,9.1132827681869,9.288537816953452,8.86423514767688,8.891907691955566,2439938,0.0,0
2018-12-05,8.762771271655271,8.836562959359064,8.688979583951479,8.808891296386719,1826920,0.0,0
2018-12-06,8.762770832873539,8.873458358886726,8.63363494602502,8.688979148864746,1625851,0.0,0
2018-12-07,9.01181849031869,9.090221385428297,8.688979210731855,8.753546714782715,1683048,0.0,0
2018-12-10,8.64285906398253,8.725874927809047,8.458379855293742,8.624411582946777,1995907,0.0,0
2018-12-11,8.550620218124104,8.582903970889467,8.310796798058142,8.375364303588867,2620841,0.0,0
2018-12-12,8.301571293881064,8.974920543256111,8.301571293881064,8.76276969909668,3649836,0.0,0
2018-12-13,8.82733776667874,9.242417062018534,8.762770267255307,9.048713684082031,2623457,0.0,0
2018-12-14,8.864234598591285,9.196298072035326,8.864234598591285,9.113282203674316,2167627,0.0,0
2018-12-17,9.113282446786952,9.173237864610261,8.901130679797486,9.104058265686035,1956316,0.0,0
2018-12-18,9.104057871446136,9.136341624235012,8.827338608065885,9.085610389709473,1390516,0.0,0
2018-12-19,9.131729925703109,9.131729925703109,8.827338986824094,8.901130676269531,1899676,0.0,0
2018-12-20,8.855009993839039,8.928801670482184,8.62441078441267,8.652082443237305,3633611,0.0,0
2018-12-21,8.652083041054391,8.864233906145484,8.412259635560448,8.495275497436523,2999330,0.0,0
2018-12-24,8.310796142691373,8.55984284414666,8.310796142691373,8.46760368347168,892718,0.0,0
2018-12-27,8.707427024841309,8.901130424063748,8.675143271581952,8.707427024841309,1551312,0.0,0
2018-12-28,8.605963674645288,8.716651205677211,8.550620348962477,8.707427024841309,1373163,0.0,0
2018-12-31,8.762770895266057,8.947250106601564,8.698203391215197,8.753546714782715,3194930,0.0,0
2019-01-02,8.753545577102383,8.753545577102383,8.412258860571463,8.421483039855957,1154897,0.0,0
2019-01-03,8.43070728894106,8.495274785134791,8.393811451163762,8.486050605773926,2455927,0.0,0
2019-01-04,8.403036678538939,8.444544615518707,8.338469167533237,8.384589195251465,1406320,0.0,0
2019-01-07,8.642859016304149,8.642859016304149,8.495275650167263,8.522947311401367,1481440,0.0,0
2019-01-08,8.403036311160061,8.7719956371087,8.403036311160061,8.735099792480469,1130581,0.0,0
2019-01-09,8.762770027337655,8.859621273821094,8.642858331929935,8.716650009155273,1427176,0.0,0
2019-01-10,8.762771016061345,8.78121937728234,8.55062014001757,8.615187644958496,1770956,0.0,0
2019-01-11,8.57829064005025,8.652082315604845,8.47682642641306,8.486050605773926,1319009,0.0,0
2019-01-14,8.615186866259561,8.670530185587687,8.495275168160358,8.54139518737793,1784093,0.0,0
2019-01-15,8.559843488078839,8.569067668740109,8.416872206494261,8.476827621459961,1710845,0.0,0
2019-01-16,8.486051228865108,8.642858770848811,8.458379568416873,8.532171249389648,1846245,0.0,0
2019-01-17,8.476826961246692,8.587515361228476,8.375363620873975,8.569067001342773,1846221,0.0,0
2019-01-18,8.532171734538387,8.605963419707038,8.47682753082876,8.513723373413086,1227163,0.0,0
2019-01-21,8.347691810397093,8.605962686482808,8.347691810397093,8.54139518737793,2082004,0.0,0
2019-01-22,8.458380049369735,8.629022991447389,8.44454377852576,8.513723373413086,1142251,0.0,0
2019-01-23,7.342279390325797,7.545206955492973,6.996380551358815,7.056336402893066,11595072,0.0,0
2019-01-24,6.788841633760488,7.037888791148677,6.641257823573798,6.825737476348877,8580604,0.0,0
2019-01-25,6.964097122087198,7.056336728771615,6.885693346447158,6.908752918243408,5797423,0.0,0
2019-01-29,6.899529025208274,6.9502606978066925,6.779617319248598,6.8810811042785645,3379874,0.0,0
2019-01-30,6.853409176846093,6.890305019641601,6.6504820414708,6.7058258056640625,4801328,0.0,0
2019-01-31,6.733497717323903,6.816513141350412,6.659705593985822,6.6781535148620605,7791692,0.0,0
2019-02-01,6.687378021285852,6.816513473716022,6.61819842458512,6.650482177734375,2764141,0.0,0
2019-02-04,6.668930028905567,7.019440978766857,6.613586264164281,6.871857166290283,2703615,0.0,0
2019-02-05,6.9179766792657365,7.047112120792092,6.871856658804053,6.9917683601379395,3391291,0.0,0
2019-02-06,7.047112518058838,7.199307978395747,6.982545013572353,7.130128383636475,3452506,0.0,0
2019-02-07,7.259263571609315,7.360727354799263,7.194696069442812,7.342279434204102,3517913,0.0,0
2019-02-08,7.342279434204102,7.369951095180283,7.277711492204477,7.342279434204102,2380528,0.0,0
2019-02-11,7.3422799526079565,7.388399977268738,7.116292799403061,7.222368240356445,3460942,0.0,0
2019-02-12,6.81651312075784,7.452967048815037,6.779617279116825,7.305383682250977,4239350,0.0,0
2019-02-13,7.268487662659177,7.443742686246752,6.973320496924362,7.074784278869629,3860129,0.0,0
2019-02-14,7.074784344347847,7.093232264887442,6.79806509642081,6.8349609375,4364578,0.0,0
2019-02-15,6.8903049730989006,6.954872917471465,6.715049940920623,6.724273681640625,3339056,0.0,0
2019-02-18,6.899528769026994,6.92720086931065,6.77039332731386,6.788841247558594,1834498,0.0,0
2019-02-19,6.825736911927379,7.037888209184349,6.807288992158647,6.862632751464844,2473897,0.0,0
2019-02-20,6.973320647464698,7.157800294968929,6.885693133779204,7.102456092834473,2624869,0.0,0
2019-02-21,7.213143946313982,7.434519431947124,7.065560142614182,7.360727310180664,4587319,0.0,0
2019-02-22,7.425294981090235,7.7020142180852265,7.333054942203169,7.674341678619385,3096072,0.0,0
2019-02-25,7.821925301383776,7.821925301383776,7.549819024772354,7.5821027755737305,4368729,0.0,0
2019-02-26,7.539691771036081,7.699910293074701,7.492568517706845,7.577390193939209,2539959,0.175,0
2019-02-27,7.501993315630225,7.643362176204144,7.426596470150628,7.436020851135254,2761717,0.0,0
2019-02-28,7.49256884641507,7.586815357208252,7.37004919130514,7.586815357208252,3104590,0.0,0
2019-03-01,7.539691521984893,7.9166757385636295,7.530266691870107,7.82243013381958,2821100,0.0,0
2019-03-04,7.831855606659669,7.926101219138033,7.761170273799216,7.897827625274658,4317367,0.0,0
2019-03-05,7.822430643904915,8.048621188601597,7.728184134213966,8.020347595214844,3053983,0.0,0
2019-03-06,8.020347865211567,8.124018310320508,7.888402926962716,7.9166765213012695,3134781,0.0,0
2019-03-07,7.926100704732719,8.010922379619245,7.841279029846191,7.841279029846191,2281404,0.0,0
2019-03-08,7.822430077356535,7.822430077356535,7.619800725357586,7.652786731719971,3021364,0.0,0
2019-03-11,7.596240188047838,7.671637037161847,7.539692101811661,7.586815357208252,1553771,0.0,0
2019-03-12,7.671636685387683,7.775307123465421,7.464294910430908,7.464294910430908,4755194,0.0,0
2019-03-13,7.445445992765193,7.53969205355449,7.322925889038772,7.360624313354492,2183287,0.0,0
2019-03-14,7.351199771063684,7.417171787471782,7.266378093509665,7.341774940490723,1901290,0.0,0
2019-03-15,7.398322586306892,7.417171798079114,7.275802485087128,7.313501358032227,3834617,0.0,0
2019-03-18,7.332350380302081,7.35119959158715,7.275802297046229,7.294651508331299,5618366,0.0,0
2019-03-19,7.351199942363906,7.511418021231783,7.322925899386829,7.473719596862793,2007772,0.0,0
2019-03-20,7.464295017368175,7.572677872202372,7.238104027756681,7.256953239440918,2219491,0.0,0
2019-03-21,7.228679767383729,7.247528979382877,6.978927596044845,7.021337985992432,2937252,0.0,0
2019-03-22,7.087310469375135,7.153282936227802,7.002488790478943,7.049612045288086,2290418,0.0,0
2019-03-25,7.021337820682124,7.035475066399135,6.823420874650488,6.861119747161865,2930161,0.0,0
2019-03-26,7.040187131403318,7.596240003620537,7.040187131403318,7.483144283294678,4978800,0.0,0
2019-03-27,7.7281837485691005,7.8789774375087855,7.534979222264969,7.558541297912598,5782603,0.0,0
2019-03-28,7.5302670838869155,7.567965507507324,7.38889822001071,7.567965507507324,2809546,0.0,0
2019-03-29,7.5868155167326945,7.803581237792969,7.539692260345265,7.803581237792969,3949618,0.0,0
2019-04-01,7.8789776131183915,7.8789776131183915,7.596239889455361,7.633938312530518,2178459,0.0,0
2019-04-02,7.681060778368551,7.737608863199823,7.5302670838869155,7.567965507507324,3790252,0.0,0
2019-04-03,7.5868156767908,7.709335786462365,7.539692419409217,7.624514102935791,2576696,0.0,0
2019-04-04,7.624513140380964,7.732895989514875,7.615088310334207,7.652786731719971,1511412,0.0,0
2019-04-05,7.567965338445926,7.643362184002448,7.445445689116902,7.492568492889404,1809351,0.0,0
2019-04-08,7.501993623815114,7.549116878876028,7.294651840827893,7.304076671600342,2322190,0.0,0
2019-04-09,7.388898170631229,7.388898170631229,7.238104027756681,7.256953239440918,2131615,0.0,0
2019-04-10,7.1721318615387375,7.266377917988524,7.125008608613522,7.209830284118652,1793511,0.0,0
2019-04-11,7.285227111363145,7.299363907445687,7.181556224822998,7.181556224822998,1160154,0.0,0
2019-04-12,7.266378406790338,7.3512000880013355,7.200405938137264,7.322926044464111,1181065,0.0,0
2019-04-15,7.3229255851587745,7.398322430661464,7.238103909267925,7.351199626922607,2137877,0.0,0
2019-04-16,7.351199491101972,7.530266771162092,7.341774660887944,7.501993179321289,1708440,0.0,0
2019-04-17,7.162707513021415,7.341775257022035,7.040187406694568,7.322926044464111,4455957,0.0,0
2019-04-18,7.398322575726517,7.459582626248791,7.304076517000194,7.341774940490723,2516492,0.0,0
2019-04-23,7.407747115556218,7.464294748572599,7.3700486935452965,7.445445537567139,1567878,0.0,0
2019-04-24,7.501993503224172,7.681060791015625,7.464295079541692,7.681060791015625,2220582,0.0,0
2019-04-26,7.624513604892564,7.681060791015625,7.445445867700451,7.681060791015625,2586069,0.0,0
2019-04-29,7.643362201799358,7.652787032216192,7.492568510335205,7.520842552185059,1660497,0.0,0
2019-04-30,7.558541480315516,7.756457527724005,7.511417777283712,7.747033596038818,2191384,0.0,0
2019-05-01,7.6904860039869645,7.878978131770691,7.615089152873474,7.831855773925781,1900507,0.0,0
2019-05-02,7.813005924224854,7.878977942665408,7.633938631828492,7.8130059242248535,10947377,0.0,0
2019-05-03,7.803580926637994,7.869553842470377,7.671636892575873,7.737608909606934,3056151,0.0,0
2019-05-06,7.756457470397473,7.803580723680346,7.501993340752039,7.520842552185059,1795085,0.0,0
2019-05-07,7.539691740679332,7.5868149938188365,7.332350415546935,7.351199626922607,1608711,0.0,0
2019-05-08,7.256953437852346,7.417171966249199,7.200405801253574,7.3888983726501465,1872803,0.0,0
2019-05-09,7.426596203405393,7.6810603230589765,7.379472951972874,7.652786731719971,1992835,0.0,0
2019-05-10,7.652787185353574,7.662212015959005,7.483144279061733,7.567965507507324,1562929,0.0,0
2019-05-13,7.483144619282393,7.549117088317871,7.379473724912549,7.549117088317871,1105532,0.0,0
2019-05-14,7.37947318381443,7.426596436727425,7.256953085761161,7.294651508331299,1766520,0.0,0
2019-05-15,7.247528881764401,7.388898194554213,7.247528881764401,7.341774940490723,1593264,0.0,0
2019-05-16,7.351199783919102,7.454870223999023,7.322925741551433,7.454870223999023,1629164,0.0,0
2019-05-17,7.539691574208526,7.577389996127518,7.417171478271485,7.417171478271484,1845807,0.0,0
2019-05-20,7.567965227185412,7.747033406850551,7.5538288806022,7.728183746337891,2354181,0.0,0
2019-05-21,7.6622116170733,7.845991310305275,7.633938025530212,7.82243013381958,1974533,0.0,0
2019-05-22,7.850704049043751,7.944950556474812,7.676349178737986,7.860128879547119,2589447,0.0,0
2019-05-23,7.831855262540778,7.831855262540778,7.67163673968582,7.7753071784973145,1753909,0.0,0
2019-05-24,7.728184077680672,7.728184077680672,7.501993534638621,7.596240043640137,1422703,0.0,0
2019-05-27,7.596239854791423,7.728183885551723,7.530266940609973,7.577390193939209,1048174,0.0,0
2019-05-28,7.558541621036345,7.765882502791485,7.53969195971243,7.737608909606934,2079847,0.0,0
2019-05-29,7.586815334856998,7.690485777383007,7.549116910411056,7.643362522125244,1256513,0.0,0
2019-05-30,7.605663943650664,7.699910452257525,7.586815181210083,7.681060791015625,1240990,0.0,0
2019-05-31,7.605664253234863,7.671637171465582,7.45487055236697,7.605664253234863,2996321,0.0,0
2019-06-03,7.55854139914057,7.681060598943943,7.426596470150628,7.436020851135254,1678299,0.0,0
2019-06-04,7.615088616842337,7.624513447268444,7.473719306255281,7.577390193939209,1571594,0.0,0
2019-06-05,7.6339383125305185,7.699910328211718,7.549116635911087,7.633938312530518,1978874,0.0,0
2019-06-06,7.633938105913832,7.662211697754635,7.4831439682938745,7.501993179321289,2073528,0.0,0
2019-06-07,7.5679653560672815,7.596239847317784,7.426596495019962,7.520842552185059,2476235,0.0,0
2019-06-11,7.520842706936411,7.586815173009774,7.403035020705828,7.483144283294678,3632220,0.0,0
2019-06-12,7.379472844525007,7.398322054943437,7.1909807403407076,7.200405120849609,2679599,0.0,0
2019-06-13,6.597230735538146,6.748024437113657,6.33334130838032,6.550107479095459,7480365,0.0,0
2019-06-14,6.389888855526246,6.446436488835248,6.012904184065589,6.125999450683594,11695958,0.0,0
2019-06-17,6.031753678512937,6.107150526466741,5.965781211853027,5.965781211853027,4873612,0.0,0
2019-06-18,5.984630456833358,6.191972239250008,5.86211035353267,6.163698196411133,11715315,0.0,0
2019-06-19,6.229670475614865,6.2956424912487945,6.050602741435848,6.060027122497559,6526326,0.0,0
2019-06-20,6.078876827403059,6.14484929779218,6.050603232522499,6.088301658630371,4492153,0.0,0
2019-06-21,6.107150400348965,6.248519712043284,6.102437985099002,6.144848823547363,4612708,0.0,0
2019-06-24,6.116574957736285,6.191972255706788,6.06473973669469,6.191972255706787,3038309,0.0,0
2019-06-25,6.173123187683982,6.210821612849019,6.144849144109866,6.182547569274902,2598428,0.0,0
2019-06-26,6.173122703141416,6.173122703141416,6.078876198225771,6.125999450683594,2896386,0.0,0
2019-06-27,6.097725576689298,6.239094888542201,6.06473956870386,6.201396465301514,3194522,0.0,0
2019-06-28,6.163698518506017,6.333341436202266,6.163698518506017,6.257944583892822,2803735,0.0,0
2019-07-01,6.248519766243257,6.418162672107539,6.23909493566158,6.371039867401123,1748610,0.0,0
2019-07-02,6.371040314302331,6.465286379726779,6.286218630719983,6.314492225646973,2091682,0.0,0
2019-07-03,6.305067249397788,6.446436558907283,6.27679320773563,6.408738136291504,2267661,0.0,0
2019-07-04,6.408737821934802,6.502983873851362,6.371039401168179,6.427587032318115,1300916,0.0,0
2019-07-05,6.446436716874017,6.540682775722918,6.4275875051042375,6.51240873336792,1403796,0.0,0
2019-07-08,6.521833709282942,6.550107302867319,6.34747838417705,6.361615180969238,1773923,0.0,0
2019-07-09,6.361615643551724,6.437012497793411,6.314492384950321,6.333341598510742,1389519,0.0,0
2019-07-10,6.333340839735436,6.531257783108479,6.323916458784677,6.49355936050415,1336166,0.0,0
2019-07-11,6.437011886288799,6.5312579451377,6.352190208624459,6.51240873336792,1423927,0.0,0
2019-07-12,6.455861095632935,6.474710307395633,6.3521902062377675,6.371039867401123,3217858,0.0,0
2019-07-15,6.352190189261303,6.399313443242438,6.342765808105469,6.342765808105469,1536280,0.0,0
2019-07-16,6.361615019817791,6.408738273798927,6.333340977548979,6.342765808105469,1714589,0.0,0
2019-07-17,6.342765502667697,6.427587175988863,6.286217870253796,6.4181623458862305,1475330,0.0,0
2019-07-18,6.389889369174402,6.399313750783156,6.323916900310413,6.3521904945373535,1536408,0.0,0
2019-07-19,6.371039552596411,6.432299150747737,6.342765511649107,6.389888763427734,1455570,0.0,0
2019-07-22,6.427587502689217,6.427587502689217,6.33334099447507,6.371039867401123,1161917,0.0,0
2019-07-23,6.408738290926519,6.408738290926519,6.342765825056747,6.371039867401123,1382160,0.0,0
2019-07-24,6.39931332130399,6.526545834988254,6.361614898597685,6.521833419799805,1992150,0.0,0
2019-07-25,6.55010685853429,6.597230110512491,6.484134845045573,6.5595316886901855,1511377,0.0,0
2019-07-26,6.597230766593593,6.757449299972118,6.578381553807924,6.606655597686768,2028343,0.0,0
2019-07-29,6.606655425834148,6.6443538504248725,6.53125812725203,6.616079807281494,1211466,0.0,0
2019-07-30,6.682052112382735,6.7150381207466125,6.5830936378904426,6.597230434417725,1650512,0.0,0
2019-07-31,6.5878056265582945,6.748024152423202,6.53125799085315,6.682052135467529,4389176,0.0,0
2019-08-01,6.663202429286766,6.719750060797185,6.61607917832777,6.653777599334717,1443584,0.0,0
2019-08-02,6.634928851756576,6.644353682366205,6.4935595384167435,6.540682792663574,1544871,0.0,0
2019-08-05,6.5689563910100235,6.601942848769777,6.502984374291834,6.526546001434326,949041,0.0,0
2019-08-06,6.276793479919434,6.323916734932911,6.154273825805593,6.276793479919434,2489212,0.0,0
2019-08-07,6.27679348564752,6.361615164988919,6.182547424935225,6.191972255706787,1912814,0.0,0
2019-08-08,6.1636980656498634,6.314491759189712,6.125999642264901,6.286218166351318,1634751,0.0,0
2019-08-09,6.27679348564752,6.2956426977899795,6.1731230435643285,6.191972255706787,2127647,0.0,0
2019-08-12,6.201396295095597,6.2579439284045995,6.097725409328771,6.125999450683594,2333913,0.0,0
2019-08-13,6.465286050572676,6.813996699590274,6.257944267794176,6.276793479919434,9275482,0.0,0
2019-08-14,6.286217905778147,6.578380899601338,6.286217905778147,6.5595316886901855,4647377,0.0,0
2019-08-15,6.4087384308741155,6.437012024435244,6.257944284078984,6.305067539215088,3252996,0.0,0
2019-08-16,6.286218327040779,6.38046438791232,6.286218327040779,6.305067539215088,4105869,0.0,0
2019-08-19,6.352190651816752,6.41816312231421,6.314492225646973,6.314492225646973,3069996,0.0,0
2019-08-20,6.3427656720135674,6.5218334041388415,6.3427656720135674,6.408738136291504,2323023,0.0,0
2019-08-21,6.352190182574675,6.399313436506206,6.257944124112269,6.286218166351318,3212464,0.0,0
2019-08-22,6.342766108999817,6.361615321606327,6.2485200459672665,6.295642852783203,2430411,0.0,0
2019-08-23,6.30506800287046,6.399314070672568,6.2862187893100385,6.333341598510742,1987008,0.0,0
2019-08-26,6.22024552433175,6.2390947354897,6.144848679699951,6.154273509979248,1953774,0.0,0
2019-08-27,6.210821456811136,6.2579442623832024,6.163698201838405,6.220245838165283,1453130,0.0,0
2019-08-28,6.229670531273875,6.3050673780438,6.220245700727307,6.286218166351318,1492634,0.0,0
2019-08-29,6.286218332210007,6.361615180969239,6.267369120020199,6.361615180969238,2324597,0.0,0
2019-08-30,6.468126065583023,6.545589043024346,6.410029178786791,6.4971747398376465,2337125,0.18,0
2019-09-02,6.468125819060722,6.526222703642684,6.390663306284773,6.41002893447876,1287328,0.0,0
2019-09-03,6.419711580392418,6.448759790021307,6.303517818450927,6.303517818450928,1320351,0.0,0
2019-09-04,6.264786401088563,6.284152029001008,6.18732388943878,6.226055145263672,2729634,0.0,0
2019-09-05,6.264786423301352,6.477808792806549,6.255103840167293,6.4584431648254395,2974948,0.0,0
2019-09-06,6.4971743595576585,6.748927520939538,6.4971743595576585,6.7392449378967285,2640989,0.0,0
2019-09-09,6.748927925448911,6.807025274039887,6.681148454947796,6.787659645080566,2378849,0.0,0
2019-09-10,6.913535682224168,7.039412495485635,6.874804426099561,6.923218727111816,3529021,0.0,0
2019-09-11,7.010363734029238,7.107192334831278,6.865121756252153,6.9135355949401855,3845428,0.0,0
2019-09-12,6.9909981084453365,7.058778036685825,6.918377119533588,6.971632480621338,2967617,0.0,0
2019-09-13,6.981315771948491,7.058778285980225,6.95226709833009,7.058778285980225,7571448,0.0,0
2019-09-16,6.990998441453019,7.0684614181518555,6.894170297720735,7.0684614181518555,2332903,0.0,0
2019-09-17,7.058777974438897,7.223386040347804,7.058777974438897,7.194337368011475,3594576,0.0,0
2019-09-18,7.204020500183105,7.257275861447983,7.087826732852649,7.2040205001831055,2738234,0.0,0
2019-09-19,7.271800748622169,7.3589458470980675,7.242752074654863,7.300848960876465,3249056,0.0,0
2019-09-20,7.3395803775431165,7.436408523345858,7.310532164658803,7.320214748382568,7521637,0.0,0
2019-09-23,7.368628414319088,7.4364078796575726,7.271800276897696,7.358945369720459,1474459,0.0,0
2019-09-24,7.387993968972731,7.436407806349675,7.2814827880026955,7.349262714385986,1497671,0.0,0
2019-09-25,7.310531757642372,7.378311225074136,7.204020572332895,7.213703155517578,2917719,0.0,0
2019-09-26,7.262117544321885,7.368628730918246,7.165289402740193,7.223386287689209,1950973,0.0,0
2019-09-27,7.320214429270901,7.378311314219915,7.21370324267454,7.223386287689209,1837560,0.0,0
2019-09-30,7.174971737622002,7.233068620559522,7.1168748546844816,7.136240482330322,2598576,0.0,0
2019-10-01,7.136240482330321,7.204020409947254,7.1168748546844816,7.136240482330322,2017785,0.0,0
2019-10-02,7.03941216942195,7.068460841026375,6.874804107660477,6.884487152099609,4317266,0.0,0
2019-10-03,6.7489279114814975,6.768293540400739,6.627892615307982,6.729562282562256,2941033,0.0,0
2019-10-04,6.777976425528115,6.923218869846318,6.705355434225515,6.710196495056152,1678240,0.0,0
2019-10-07,6.797341894102804,6.855438778120932,6.690830709213074,6.748927593231201,1621644,0.0,0
2019-10-08,6.787659470615396,6.845756356000077,6.681148283220314,6.710196495056152,1851225,0.0,0
2019-10-09,6.661782493005302,6.690830704135827,6.550429785770312,6.574636936187744,2712251,0.0,0
2019-10-10,6.613367961830259,6.68114788829573,6.564954124394616,6.60368537902832,2354343,0.0,0
2019-10-11,6.710196422062177,6.748927678563976,6.632733909058579,6.642416954040527,2029259,0.0,0
2019-10-14,6.729562210727541,6.748927839440064,6.661782741090213,6.719879627227783,2098805,0.0,0
2019-10-15,6.68114812271622,6.719879378708883,6.623051238727226,6.6327338218688965,2469688,0.0,0
2019-10-16,6.836073014881233,7.18465477380722,6.816707387258289,6.961949825286865,5926407,0.0,0
2019-10-17,7.039412825743162,7.349263350989798,7.000681567801459,7.310532093048096,3934220,0.0,0
2019-10-18,7.329897562765571,7.5913337790484645,7.271800677115262,7.523553848266602,4613250,0.0,0
2019-10-21,7.5235536901554,7.6010162027279,7.484822433869151,7.56228494644165,2491179,0.0,0
2019-10-22,7.601016290306162,7.639747547038669,7.533236821880773,7.571968078613281,2208314,0.0,0
2019-10-23,7.562284784164646,7.6591129228024615,7.446091017799268,7.4848222732543945,2782534,0.0,0
2019-10-24,7.542919315762415,7.610699245097059,7.436408130154542,7.446091175079346,2483304,0.0,0
2019-10-25,7.533236573429794,7.533236573429794,7.397676717623868,7.4848222732543945,2098316,0.0,0
2019-10-28,7.5526021986165475,7.5526021986165475,7.378311087414129,7.426725387573242,1750332,0.0,0
2019-10-29,7.4460910202656585,7.552602203659028,7.368628509329748,7.542919158935547,1889485,0.0,0
2019-10-30,7.475139475069011,7.601016290306162,7.475139475069011,7.571968078613281,2795327,0.0,0
2019-10-31,7.601015978147834,7.707527160644532,7.542919095434994,7.707527160644531,5278422,0.0,0
2019-11-01,7.707527711563771,7.707527711563771,7.552602679922454,7.601016521453857,4462228,0.0,0
2019-11-04,7.65911324814848,7.6687962932800735,7.552602521978983,7.581650733947754,1727666,0.0,0
2019-11-05,7.562284633425556,7.6736373369241875,7.562284633425556,7.639747142791748,1418728,0.0,0
2019-11-06,7.668795741772248,7.6978439516519925,7.610698860299788,7.630064487457275,1704417,0.0,0
2019-11-07,7.591333468809217,7.784989746395988,7.571967841050539,7.775306701660156,3504895,0.0,0
2019-11-08,7.823721321804109,7.9302320479752755,7.741417285036295,7.814038276672363,2189539,0.0,0
2019-11-11,7.83340399459369,7.881818294525147,7.755941484073745,7.8818182945251465,1926901,0.0,0
2019-11-12,7.881818452385798,7.920549708421499,7.7656246842786985,7.843087196350098,1997212,0.0,0
2019-11-13,7.765624416769978,7.784989582407749,7.688161445654016,7.6978440284729,1508973,0.0,0
2019-11-14,7.697844028472901,7.726892700355509,7.620381519069915,7.6978440284729,1373433,0.0,0
2019-11-15,7.6300652058602685,7.833404541015624,7.6300652058602685,7.833404541015625,1537614,0.0,0
2019-11-18,7.755941311444137,7.862452030181884,7.717209595333261,7.862452030181885,1712322,0.0,0
2019-11-19,7.794672901733006,8.075474739074707,7.794672901733006,8.075474739074707,6386301,0.0,0
2019-11-20,8.017377445051668,8.036743534923223,7.7656247407033865,7.852769374847412,2346202,0.0,0
2019-11-21,7.746258327706256,7.8043556714714715,7.649430190952523,7.6978440284729,2037193,0.0,0
2019-11-22,7.6978444493529485,7.804356098175049,7.668796237595104,7.804356098175049,1571310,0.0,0
2019-11-25,7.775306947356171,7.833404294181037,7.663954699653345,7.746258735656738,1292378,0.0,0
2019-11-26,7.881818438922312,7.901183605194091,7.736575536467049,7.901183605194092,2615141,0.0,0
2019-11-27,7.833404000061185,8.007695110565693,7.775306655417692,7.998012065887451,1904971,0.0,0
2019-11-28,8.007695004168239,8.027060169841455,7.906024883249501,7.93023157119751,1172947,0.0,0
2019-11-29,7.968962926290612,7.968962926290612,7.852769160510693,7.8818182945251465,1203364,0.0,0
2019-12-02,7.910866650042972,7.964122473285833,7.85761082680011,7.901183605194092,910934,0.0,0
2019-12-03,7.765625148747509,7.84308766545201,7.601016608180916,7.610699653625488,1435777,0.0,0
2019-12-04,7.465456734438767,7.581650502187988,7.465456734438767,7.552602291107178,1803551,0.0,0
2019-12-05,7.581650188707073,7.68331984671212,7.581650188707073,7.630064487457275,1801631,0.0,0
2019-12-06,7.571967605984815,7.6300644874572745,7.528394829452227,7.630064487457275,1413579,0.0,0
2019-12-09,7.649430436263489,7.736575531280033,7.644588913842294,7.726892948150635,972101,0.0,0
2019-12-10,7.697844275336459,7.784989832065993,7.6881616922070615,7.726892948150635,897467,0.0,0
2019-12-11,7.707527338512157,7.8430871963500985,7.688161710494307,7.843087196350098,1749069,0.0,0
2019-12-12,7.833404309932893,7.87213556675202,7.751100273763998,7.804356098175049,1049453,0.0,0
2019-12-13,7.765624516682969,8.002853570210062,7.765624516682969,7.939914703369141,1083515,0.0,0
2019-12-16,7.93991526458699,8.065792083740234,7.901184006649533,8.065792083740234,1352057,0.0,0
2019-12-17,8.065791838031963,8.114206139835446,7.9980123695626855,8.094840049743652,1394244,0.0,0
2019-12-18,8.133571724070745,8.269131591394808,8.075475297664752,8.2013521194458,1849645,0.0,0
2019-12-19,8.269131666390964,8.288497757652634,8.133571797837453,8.152937889099121,2485883,0.0,0
2019-12-20,8.046426844162081,8.162620616930088,8.046426844162081,8.114206314086914,2641726,0.0,0
2019-12-23,8.133571164601209,8.230399766518884,8.104522953396302,8.191668510437012,2318110,0.0,0
2019-12-24,8.123889287565571,8.181985711723279,7.98832942548757,8.046426773071289,571462,0.0,0
2019-12-27,8.046426284448351,8.104522705078125,8.007695029553183,8.104522705078125,636362,0.0,0
2019-12-30,8.104522879843216,8.143254135573581,8.0173773235934,8.123888969421387,914863,0.0,0
2019-12-31,7.988329572862367,8.04642692151791,7.833404541015624,7.833404541015625,903691,0.0,0
2020-01-02,7.823720937769704,8.017377213768764,7.823720937769704,7.939914703369141,708467,0.0,0
2020-01-03,8.03674340898523,8.123888965189652,7.95928089756485,8.007695198059082,936469,0.0,0
2020-01-06,7.91086666679148,7.959280967712402,7.843087199557781,7.959280967712402,1307536,0.0,0
2020-01-07,7.988329807079163,8.152937889099121,7.968963715817495,8.152937889099121,1623729,0.0,0
2020-01-08,8.133571214003027,8.133571214003027,7.823721163466071,7.852769374847412,1880779,0.0,0
2020-01-09,7.9108671239531585,8.05610911168334,7.891501033095247,8.017377853393555,1694364,0.0,0
2020-01-10,8.065791694201481,8.157778773645171,7.998012226940858,8.075474739074707,1957184,0.0,0
2020-01-13,7.968963162403715,8.075474810093956,7.9495979959129395,8.027060508728027,781612,0.0,0
2020-01-14,8.007695342237252,8.094839976584733,7.998012297278868,8.027060508728027,1279015,0.0,0
2020-01-15,8.085158174421977,8.085158174421977,8.012536257791469,8.065792083740234,2970266,0.0,0
2020-01-16,8.201351425385191,8.52088451385498,8.143254080469788,8.52088451385498,2447593,0.0,0
2020-01-17,8.53056762481963,8.559615835789911,8.307862211578213,8.356276512145996,1687834,0.0,0
2020-01-20,8.336910347838327,8.365959481974265,8.269130881706412,8.288496971130371,990189,0.0,0
2020-01-21,8.249766103719706,8.278814315795898,8.201351801308709,8.278814315795898,2440735,0.0,0
2020-01-22,8.269131028719492,8.55477438881941,8.201351561382557,8.424056053161621,2256066,0.0,0
2020-01-23,8.501518164118956,8.501518164118956,8.307861892706692,8.317544937133789,1117716,0.0,0
2020-01-24,8.395008015509214,8.443422317504883,8.361118281140048,8.443422317504883,1062974,0.0,0
2020-01-28,8.172302115929932,8.414372688271087,8.152936950324134,8.385324478149414,1518804,0.0,0
2020-01-29,8.472469962817652,8.472469962817652,8.365959244289854,8.433738708496094,1155066,0.0,0
2020-01-30,8.559615593231923,8.58866380337905,8.49667672724954,8.501518249511719,1916092,0.0,0
2020-01-31,8.51120217025963,8.859783498189257,8.49183700264323,8.66612720489502,4068571,0.0,0
2020-02-03,8.520884407961663,8.578980828729103,8.385324553794375,8.453104019165039,1149019,0.0,0
2020-02-04,8.424056056151095,8.6080302153109,8.424056056151095,8.540249824523926,1258155,0.0,0
2020-02-05,8.540250314645801,8.65644408968695,8.50151905629875,8.598347663879395,948595,0.0,0
2020-02-06,8.666126958586421,8.700016693521444,8.598347488716378,8.695175170898438,954672,0.0,0
2020-02-07,8.704857896914794,8.724223986696613,8.588664128501835,8.65644359588623,1608434,0.0,0
2020-02-10,8.569298888680791,8.733906956711115,8.530567632875185,8.588664054870605,1794325,0.0,0
2020-02-11,9.130903314564724,9.77965259552002,9.130903314564724,9.77965259552002,5427076,0.0,0
2020-02-12,9.673140312441005,9.910369373886692,9.489167074957448,9.81838321685791,4720142,0.0,0
2020-02-13,9.828065482405327,9.900687397390781,9.731237801468067,9.837748527526855,2340874,0.0,0
2020-02-14,9.808700808919586,9.818383854528125,9.692507031895271,9.77965259552002,1900415,0.0,0
2020-02-17,9.77965185988667,9.866796493530273,9.750602725246148,9.866796493530273,916474,0.0,0
2020-02-18,9.779651406447002,9.944259468073852,9.750602273153364,9.924893379211426,2407825,0.0,0
2020-02-19,9.876479329394693,10.012039184570312,9.847431118794905,10.012039184570312,1126967,0.0,0
2020-02-20,10.099185061072976,10.099185061072976,9.934576990061021,10.05077075958252,2806577,0.0,0
2020-02-21,9.99267292022705,10.012039009238412,9.905527366527824,9.99267292022705,1567150,0.0,0
2020-02-24,9.769968811922201,9.818383112881799,9.702189344634355,9.750602722167969,1497480,0.0,0
2020-02-25,9.361366887305909,9.716113083670106,9.016474047133789,9.706259727478027,3756952,0.175,0
2020-02-26,9.410637581591152,9.538740611762371,9.22340971451114,9.252972602844238,2766022,0.0,0
2020-02-27,9.262826142105615,9.43527256842428,9.233264192946175,9.361367225646973,3425412,0.0,0
2020-02-28,8.86866394112357,9.11501571726589,8.809539101356135,8.957350730895996,4061076,0.0,0
2020-03-02,8.760269346525295,8.868663787841797,8.518844722849382,8.868663787841797,3263295,0.0,0
2020-03-03,8.888372203206233,9.036182887482692,8.740560579172362,8.770122528076172,3057713,0.0,0
2020-03-04,8.474500726190598,8.63216569862547,8.41044874379058,8.513916969299316,4118217,0.0,0
2020-03-05,8.651873899542407,8.829247474670408,8.612457653931452,8.82924747467041,2796626,0.0,0
2020-03-06,8.425230499709556,8.494208692767664,8.065557150538853,8.149316787719727,4434970,0.0,0
2020-03-09,7.292012488859516,7.617196750207523,7.065368841574736,7.173763751983643,6816568,0.0,0
2020-03-10,6.70076798348571,7.508801446342478,6.70076798348571,7.498947620391846,4956168,0.0,0
2020-03-11,7.558072097566162,7.666467003899134,7.2920122146606445,7.2920122146606445,3459131,0.0,0
2020-03-12,7.075222611086527,7.144201275314868,6.592373371124268,6.592373371124268,5948230,0.0,0
2020-03-13,5.902588058813174,6.621935230793483,5.301490091039608,6.543102741241455,10803386,0.0,0
2020-03-16,5.813901660885288,6.2671889392854805,5.380322504594726,5.409884452819824,7945955,0.0,0
2020-03-17,5.173387076737723,5.321198230048827,4.734880764886478,4.917181015014648,6841451,0.0,0
2020-03-18,4.779224040777049,4.838348406677208,4.040168762207031,4.040168762207031,5835913,0.0,0
2020-03-19,4.197834208723231,4.2372504526651555,2.8478264440762264,3.232135057449341,15055295,0.0,0
2020-03-20,3.4193624869881067,3.9022119502213406,3.3700921815437663,3.7938170433044434,7449046,0.0,0
2020-03-23,3.182864683821462,3.1927187445942486,2.778847722258535,2.926658868789673,6860506,0.0,0
2020-03-24,3.04490776253085,3.6952765134818173,2.9562212107854537,3.4292166233062744,5724055,0.0,0
2020-03-25,4.04016880277218,4.247104320439808,3.448924667955541,3.655860185623169,4870634,0.0,0
2020-03-26,3.852941768367992,4.069731354216408,3.714984673759234,3.862795829772949,5145896,0.0,0
2020-03-27,4.217542426373327,4.286520619897188,3.2124270083554713,3.5474653244018555,8124908,0.0,0
2020-03-30,3.5671734551252072,4.000752619210729,3.163156709674956,3.961336374282837,5057108,0.0,0
2020-03-31,4.237250521975909,4.6659025342650295,3.862795728523792,3.9416282176971436,8900268,0.0,0
2020-04-01,4.059876748214248,4.552580250760988,4.050022922500225,4.49345588684082,3756426,0.0,0
2020-04-02,4.138709497582994,4.227396284062776,3.9908988132882985,4.109147548675537,4888897,0.0,0
2020-04-03,4.237250415267233,4.27666665886127,3.9711905360681343,4.020460605621338,3066203,0.0,0
2020-04-06,4.050023006564384,4.306228588869699,4.050023006564384,4.276666641235352,2812822,0.0,0
2020-04-07,4.473747835171719,4.759515833506751,4.3456448097446545,4.532872200012207,5071578,0.0,0
2020-04-08,4.434331746282374,4.759515999162489,4.2865205940972215,4.621559143066406,5041832,0.0,0
2020-04-09,4.739807813052863,4.986159573418679,4.739807813052863,4.858056545257568,4786105,0.0,0
2020-04-14,4.956597897185368,5.370468482603401,4.887619231343003,5.291635990142822,5888546,0.0,0
2020-04-15,5.409884568693451,5.419738864898681,4.867910964130806,4.927035331726074,4678255,0.0,0
2020-04-16,4.848202689872006,4.946743299446906,4.572288513183595,4.572288513183594,5307341,0.0,0
2020-04-17,4.828494837517984,4.996014118086779,4.641267433933962,4.720099925994873,4153768,0.0,0
2020-04-20,4.759515759420912,4.838348244647802,4.493455886840819,4.49345588684082,2788123,0.0,0
2020-04-21,4.434331735946819,4.532872347214342,4.296374880172287,4.345644950866699,3944539,0.0,0
2020-04-22,4.325936759634565,4.473747909118296,4.12885554024205,4.3062286376953125,5249573,0.0,0
2020-04-23,4.335790898840052,4.3554990200670165,4.119001095464779,4.2175421714782715,3462411,0.0,0
2020-04-24,4.15841765587859,4.1978343712250625,3.961336428539779,3.990898847579956,3743363,0.0,0
2020-04-27,4.020460556118669,4.296374727758376,3.961336191455593,4.256958484649658,3853546,0.0,0
2020-04-28,4.296374670817953,4.355499034697447,4.109147283593552,4.227396011352539,3996791,0.0,0
2020-04-29,4.207688115036858,4.375207389925047,4.197834288802747,4.355499267578125,4509209,0.0,0
2020-04-30,4.473747981276305,4.966451507583199,4.473747981276305,4.8876190185546875,5937163,0.0,0
2020-05-01,4.6806837223485775,4.759516215123327,4.463894367218018,4.463894367218018,4083487,0.0,0
2020-05-04,4.394915477566307,4.4047693037226034,4.1830528116008985,4.335791110992432,2872286,0.0,0
2020-05-05,4.335791037036027,4.562434673309326,4.335791037036027,4.562434673309326,2787747,0.0,0
2020-05-06,4.523018612939841,4.523018612939841,4.335791212787523,4.394915580749512,2378895,0.0,0
2020-05-07,4.345645171015503,4.52794542856536,4.2668126780078595,4.473748207092285,2997791,0.0,0
2020-05-08,4.414623740200447,4.779224247277762,4.345645075397154,4.690537929534912,4866322,0.0,0
2020-05-11,4.769370129252841,4.9368893979068975,4.523018374144801,4.532872200012207,5879104,0.0,0
2020-05-12,4.532872332905348,4.670829188244389,4.306228692766146,4.335791110992432,5283645,0.0,0
2020-05-13,4.227396136316585,4.306228623819574,4.099293109184885,4.296374797821045,6812852,0.0,0
2020-05-14,4.237250751585297,4.276666998307872,4.128855838158854,4.207688331604004,3522321,0.0,0
2020-05-15,4.276666943734593,4.325937016569728,4.0894395392521545,4.178125858306885,3907054,0.0,0
2020-05-18,4.2273961703133125,4.434331686612176,4.178125630288367,4.316082954406738,3473332,0.0,0
2020-05-19,4.434331805382709,4.582142959537874,4.345645018913869,4.385061264038086,6634534,0.0,0
2020-05-20,4.316082882183095,4.582142760132536,4.286520464687075,4.542726516723633,3599969,0.0,0
2020-05-21,4.601851034343648,4.720099768489155,4.532872371152751,4.631412982940674,3670967,0.0,0
2020-05-22,4.710245800595712,4.808786409420165,4.51316411306812,4.5525803565979,4375968,0.0,0
2020-05-25,4.611704617499028,4.759515762329102,4.611704617499028,4.759515762329102,2625786,0.0,0
2020-05-26,4.828494590632835,5.133970716688963,4.769370224610232,5.12411642074585,5068882,0.0,0
2020-05-27,5.143824799182635,5.32119837597154,4.84820295433232,5.271927833557129,8250529,0.0,0
2020-05-28,5.242365734625348,5.449301255063104,5.143824652604547,5.183241367340088,7353655,0.0,0
2020-05-29,5.04528408787304,5.0797736548559005,4.9270353521913375,4.9368896484375,54129430,0.0,0
2020-06-01,4.897472810206866,4.9960138906762905,4.789078373496411,4.867910861968994,3661152,0.0,0
2020-06-02,4.83834849149236,4.986159643773198,4.83834849149236,4.897472858428955,3290679,0.0,0
2020-06-03,4.87776487731666,5.035430330256994,4.789078559283856,4.976305961608887,4032970,0.0,0
2020-06-04,5.045283815400524,5.104408180048342,4.92703508610489,5.055138111114502,4966393,0.0,0
2020-06-05,5.0649923477098096,5.0649923477098096,4.966451731972016,5.015722274780273,4407685,0.0,0
2020-06-09,5.143824768351162,5.6069663606587135,5.143824768351162,5.528133869171143,6095067,0.0,0
2020-06-10,5.3704684489532015,5.587258271740151,5.301490253421758,5.547842025756836,3877019,0.0,0
2020-06-11,5.419738647024425,5.429592942833511,5.035430038165089,5.084700107574463,6433567,0.0,0
2020-06-12,4.690537729559028,4.88761894933937,4.5919966497901665,4.848202705383301,5406187,0.0,0
2020-06-15,4.858056696192491,4.927035360394346,4.631413050819202,4.6708292961120605,4434947,0.0,0
2020-06-16,4.897472815641976,5.183241291490274,4.828494623091262,5.143824577331543,3845922,0.0,0
2020-06-17,5.242365692881894,5.252219519078289,4.976305807277436,5.163532733917236,3186477,0.0,0
2020-06-18,5.17338702999233,5.222657570610404,4.976305807277436,5.163532733917236,6940543,0.0,0
2020-06-19,5.222657714283517,5.350760277632896,5.114262803869076,5.242365837097168,13634379,0.0,0
2020-06-22,5.242365837097168,5.242365837097168,5.242365837097168,5.242365837097168,0,0.0,0
2020-06-23,4.9270354737029285,4.956597893291782,4.60185120761913,4.729954242706299,20498281,0.0,0
2020-06-24,4.729954133930056,4.8186404508996326,4.611704928172773,4.6708292961120605,7914980,0.0,0
2020-06-25,4.532872347214342,4.562434765533948,4.2766667579187825,4.345644950866699,8565902,0.0,0
2020-06-26,4.424477296198638,4.552580321625703,4.36535293135815,4.532872200012207,6160474,0.0,0
2020-06-29,4.385061229860896,4.4737480156385105,4.306228740226883,4.365353107452393,7933727,0.0,0
2020-06-30,4.424477439880717,4.562434765533948,4.286520584106185,4.345644950866699,19523910,0.0,0
2020-07-01,4.385061205594423,4.621559143066406,4.385061205594423,4.621559143066406,6744362,0.0,0
2020-07-02,4.601850930995409,4.695464392621893,4.513164147438654,4.572288513183594,4400657,0.0,0
2020-07-03,4.601850810547975,4.670829000505646,4.454039665115043,4.503310203552246,2469100,0.0,0
2020-07-06,4.503310307743947,4.6314128648629245,4.4737478900219125,4.562434673309326,3299126,0.0,0
2020-07-07,4.601850846347794,4.651120915289614,4.493455942869902,4.5230183601379395,3395267,0.0,0
2020-07-08,4.463894258645506,4.547653427772413,4.365353175195101,4.404769420623779,3278585,0.0,0
2020-07-09,4.424477474677902,4.46389418937361,4.34564498504389,4.365353107452393,3471494,0.0,0
2020-07-10,4.3357911452312035,4.414623634618892,4.296374900537359,4.355499267578125,2627293,0.0,0
2020-07-13,4.434331665239792,4.4540397871790445,4.247104271877559,4.3062286376953125,4139281,0.0,0
2020-07-14,4.286520584106185,4.365353073120204,4.217542391158268,4.345644950866699,3240678,0.0,0
2020-07-15,4.434331839634642,4.434331839634642,4.330864077914685,4.404769420623779,2064376,0.0,0
2020-07-16,4.434331893920898,4.513164385743342,4.375207525054066,4.434331893920898,1991020,0.0,0
2020-07-17,4.434331873581436,4.473748119311862,4.375207504985795,4.424477577209473,1301262,0.0,0
2020-07-20,4.385061250475041,4.394915546664969,4.306228760470439,4.375207424163818,1685526,0.0,0
2020-07-21,4.3357910555435355,4.355499177482787,4.252031419832044,4.3062286376953125,6936776,0.0,0
2020-07-22,4.306228697140316,4.6117048263549805,4.286520574929005,4.6117048263549805,5505880,0.0,0
2020-07-23,4.582142864328108,4.651121056922875,4.493456079702041,4.601850986480713,3336022,0.0,0
2020-07-24,4.542726893825106,4.611705090577373,4.454040103853651,4.483602523803711,1714157,0.0,0
2020-07-27,4.463894380405692,4.5328725768480185,4.414623837336553,4.473748207092285,2383298,0.0,0
2020-07-28,4.444185961148764,4.493456031057547,4.296374811665033,4.3062286376953125,3846720,0.0,0
2020-07-29,4.296374776938942,4.345644846449492,4.266812359329662,4.286520481109619,2692355,0.0,0
2020-07-30,4.3259369628834055,4.444186169953399,4.306228840018192,4.424477577209473,3028315,0.0,0
2020-07-31,4.345644832301286,4.375207249814318,4.266812345438112,4.276666641235352,3273185,0.0,0
2020-08-03,4.266812359329662,4.463894047007925,4.266812359329662,4.286520481109619,2419204,0.0,0
2020-08-04,4.365353059340021,4.4047693037226034,4.306228692766146,4.335791110992432,2459002,0.0,0
2020-08-05,4.306228623819574,4.321010067635401,4.2175423103180565,4.296374797821045,2999488,0.0,0
2020-08-06,4.26681239381681,4.365353003513067,4.26681239381681,4.3062286376953125,2521651,0.0,0
2020-08-07,4.286520396603183,4.291447544420708,4.217542206672543,4.237250328063965,3231523,0.0,0
2020-08-10,4.266812345438112,4.325936710585492,4.217542276087971,4.276666641235352,3763529,0.0,0
2020-08-11,4.187980003163059,4.227396247955474,3.9514825344085693,3.9514825344085693,10621684,0.0,0
2020-08-12,3.9514825137831617,4.030315002956513,3.8430876062304544,3.9416282176971436,8794186,0.0,0
2020-08-13,3.98104440993831,4.020460654006714,3.892357860784402,3.9120659828186035,4286066,0.0,0
2020-08-14,3.902212092409583,3.93177427675337,3.823379600826151,3.872649908065796,3686226,0.0,0
2020-08-17,3.8529416447769997,3.862795705865868,3.783962982215575,3.7938170433044434,4175547,0.0,0
2020-08-18,3.7938170585873467,3.813525180844475,3.665714263916016,3.6657142639160156,4464451,0.0,0
2020-08-19,3.6657142491491577,3.8529416447769997,3.577027699349345,3.7938170433044434,6520395,0.0,0
2020-08-20,3.7642548600378385,3.803671104393311,3.7346926767712345,3.7938170433044434,4484286,0.0,0
2020-08-21,3.7938170604638524,3.8726497844707053,3.7790360862333703,3.80367112159729,1869480,0.0,0
2020-08-24,3.8233795841531197,3.8825039525828635,3.7839631035939347,3.862795829772949,2268811,0.0,0
2020-08-25,3.892358030961654,4.010607003276158,3.862795846617867,3.872649908065796,2985095,0.0,0
2020-08-26,3.8529416447769997,3.882503828043604,3.7642548600378385,3.7938170433044434,3752628,0.0,0
2020-08-27,3.892357998971195,4.030315093047718,3.7839630889954945,3.990898847579956,6494504,0.0,0
2020-08-28,3.9416281523734336,4.104220276068542,3.9317740913900736,4.040168762207031,3938465,0.0,0
2020-08-31,4.030314901459191,4.079584971012394,3.9810443620273,4.020460605621338,4163871,0.0,0
2020-09-01,4.000752584577157,4.0204607068704945,3.8923579119637988,3.9416282176971436,3556201,0.0,0
2020-09-02,3.9711906360764995,3.990898758369837,3.9022119731104676,3.9416282176971436,3288946,0.0,0
2020-09-03,3.951482547990216,4.030315037846001,3.9317741905869177,3.961336374282837,2841653,0.0,0
2020-09-04,3.872649721605331,3.9219200264727077,3.7839629379047075,3.902211904525757,3249175,0.0,0
2020-09-07,3.892357945659025,3.9810444967467835,3.852941700731132,3.961336374282837,3543617,0.0,0
2020-09-08,3.9613364082356646,4.020460776134262,3.9613364082356646,3.9810445308685303,2662413,0.0,0
2020-09-09,3.892357853646459,3.902211914645489,3.7346926427226297,3.77410888671875,4921001,0.0,0
2020-09-10,3.813525286282209,3.8627958282266275,3.6952765494700577,3.7248387336730957,4408431,0.0,0
2020-09-11,3.6854223861731437,3.7051305084302717,3.6262980194017604,3.6657142639160156,2761776,0.0,0
2020-09-14,3.6952764125092425,3.6952764125092425,3.626297985258754,3.6460061073303223,2473873,0.0,0
2020-09-15,3.6361521658577955,3.6558602885774025,3.557319440040013,3.5770277976989746,3607881,0.0,0
2020-09-16,3.636152197510122,3.7346928119659424,3.6312250493176528,3.7346928119659424,4819773,0.0,0
2020-09-17,3.764254808425903,3.823379409087799,3.7346926255646276,3.7642548084259033,3295763,0.0,0
2020-09-18,3.754400814073091,3.774108936330219,3.665714263916016,3.6657142639160156,7100068,0.0,0
2020-09-21,3.6657143672424035,3.7051306128676944,3.577027814585499,3.5868818759918213,3915341,0.0,0
2020-09-22,3.5573193511569325,3.586881769437052,3.4981949844753917,3.527757167816162,3560021,0.0,0
2020-09-23,3.5573194568334974,3.5967359373981442,3.4981950883955606,3.5868818759918213,3197674,0.0,0
2020-09-24,3.5573194061329105,3.734692743858068,3.5179031610693983,3.6952764987945557,5007506,0.0,0
2020-09-25,3.6952765494700577,3.764254979277146,3.636152181063982,3.7248387336730957,3500794,0.0,0
2020-09-28,3.714984527537239,3.9219200438357045,3.705130466520138,3.9120659828186035,4785086,0.0,0
2020-09-29,3.9416283037359947,4.000752671906589,3.803671209731919,3.8529417514801025,3367171,0.0,0
2020-09-30,3.813525130714871,3.8332334876522776,3.7445467037216598,3.77410888671875,7169323,0.0,0
2020-10-01,3.7839629650115962,3.8135251481437944,3.744546720835332,3.7839629650115967,7545607,0.0,0
2020-10-02,3.783963102079171,3.87264988962764,3.7248387336730953,3.7248387336730957,3038091,0.0,0
2020-10-05,3.8332334946817967,3.912065982818604,3.7741088936398444,3.9120659828186035,1580089,0.0,0
2020-10-06,3.9120659654992322,3.9416281484196585,3.84801445170197,3.902211904525757,2772643,0.0,0
2020-10-07,3.882503937604255,3.9958255258543933,3.8430876921364927,3.990898847579956,2462748,0.0,0
2020-10-08,4.00075257274217,4.109147479974225,3.971190624328963,4.06973123550415,2314366,0.0,0
2020-10-09,4.079585176762558,4.168271964261324,4.069731350306424,4.138709545135498,2415130,0.0,0
2020-10-12,4.1288557723384,4.187980141479726,4.079585229781269,4.168272018432617,1798506,0.0,0
2020-10-13,4.128855718679364,4.19783438338715,4.050023227515443,4.138709545135498,3106751,0.0,0
2020-10-14,4.276666549524789,4.394915277283776,4.158417351887126,4.227396011352539,4396482,0.0,0
2020-10-15,4.325936814957437,4.385061181531312,4.296374866609848,4.335791110992432,8783776,0.0,0
2020-10-16,4.345645039175167,4.414623703403508,4.325936916521171,4.394915580749512,2460742,0.0,0
2020-10-19,4.414623604241874,4.631412948566291,4.414623604241874,4.6117048263549805,3691789,0.0,0
2020-10-20,4.582142843676743,4.651121035960631,4.562434721612962,4.591996669769287,4549030,0.0,0
2020-10-21,4.670829336837932,4.739808001641226,4.6215592647316175,4.690537929534912,3980470,0.0,0
2020-10-22,4.670829350158116,4.715172744095355,4.591996858660231,4.70039176940918,2948519,0.0,0
2020-10-23,4.710246132787706,4.789078625406961,4.7003918362709385,4.739808082580566,1832662,0.0,0
2020-10-26,4.789078200446534,4.8087863218525415,4.74966195763452,4.769370079040527,1700383,0.0,0
2020-10-27,4.739807960313916,4.7447351084452,4.631413050819202,4.6708292961120605,16953103,0.0,0
2020-10-28,4.631413017023748,4.715172655129554,4.6018510682091724,4.651121139526367,3267474,0.0,0
2020-10-29,4.572288547705505,4.611704791833068,4.503310355421617,4.591996669769287,2566484,0.0,0
2020-10-30,4.6215593436516835,4.789078625406961,4.611705047134916,4.739808082580566,4267642,0.0,0
2020-11-02,4.729953850193647,4.808786336050428,4.690537607265257,4.779223918914795,2844837,0.0,0
2020-11-03,4.769370351472025,4.976305872994817,4.739807932735038,4.927035331726074,3335210,0.0,0
2020-11-04,4.976305872994817,5.025575944384855,4.867910964130806,4.927035331726074,4153871,0.0,0
2020-11-05,4.917180826591578,4.956597539858993,4.759515853036659,4.808786392211914,3996038,0.0,0
2020-11-06,4.798932233458263,4.8876190185546875,4.7792241112011355,4.8876190185546875,2100462,0.0,0
2020-11-09,4.897473078918562,5.074846657592601,4.897473078918562,5.025576114654541,2298426,0.0,0
2020-11-10,5.153678718506157,5.3310518124374,5.124116301244943,5.321197986602783,4970360,0.0,0
2020-11-11,5.340906157137747,5.400030522323786,5.222657426765669,5.350759983062744,4512848,0.0,0
2020-11-12,5.370468379544367,5.380322675852195,5.202949571219677,5.232511520385742,1912724,0.0,0
2020-11-13,5.222657357487015,5.232511183281301,5.030502820772307,5.045283794403076,2625012,0.0,0
2020-11-16,5.173387050628662,5.202949469093168,5.153678928278558,5.173387050628662,121094,0.0,0
2020-11-17,5.212803397648796,5.311344011333528,5.202949571219677,5.232511520385742,2840693,0.0,0
2020-11-18,5.222657344346434,5.311343655786582,5.193094927280598,5.30148983001709,2436159,0.0,0
2020-11-19,5.321198396399918,5.360614642531281,5.271927853796355,5.281782150268555,1689913,0.0,0
2020-11-20,5.262073870833813,5.340906360753934,5.173387084734325,5.1930952072143555,2036526,0.0,0
2020-11-23,5.252219305481355,5.321197965565697,5.252219305481355,5.311343669891357,2020332,0.0,0
2020-11-24,5.370468102125477,5.66609039778761,5.370468102125477,5.616819858551025,3966285,0.0,0
2020-11-25,5.744923066893363,5.813901730036862,5.685798699861237,5.71536111831665,3304289,0.0,0
2020-11-26,5.794193423899779,5.794193423899779,5.611893180530315,5.616819858551025,3392119,0.0,0
2020-11-27,5.606966176776592,5.725214910129947,5.606966176776592,5.695652961730957,1194343,0.0,0
2020-11-30,5.73506915049284,5.853317882697964,5.6266742443654625,5.666090488433838,4154324,0.0,0
2020-12-01,5.626674299002151,5.735069206182076,5.587258054551033,5.695652961730957,2451082,0.0,0
2020-12-02,5.754777397364054,5.804047468578981,5.685798733808714,5.735069274902344,3850855,0.0,0
2020-12-03,5.73506915049284,5.764631098604774,5.666090488433837,5.666090488433838,1503675,0.0,0
2020-12-04,5.6660903615259235,5.912442116374876,5.6660903615259235,5.863171577453613,2718040,0.0,0
2020-12-07,5.922296859915666,6.01098317884966,5.843463897705078,5.843463897705078,1595377,0.0,0
2020-12-08,5.813901508411032,5.882879699046382,5.784339091082537,5.863171577453613,1889028,0.0,0
2020-12-09,5.892734085440453,5.942004625119732,5.882879789553121,5.912442207336426,2024709,0.0,0
2020-12-10,5.892734324241564,5.922296743222877,5.764631291787056,5.7744855880737305,1859689,0.0,0
2020-12-11,5.715361253419765,5.843463816744854,5.666090711455623,5.794193744659424,1954627,0.0,0
2020-12-14,5.735069022039956,5.873025873189339,5.735069022039956,5.863171577453613,1555006,0.0,0
2020-12-15,5.813901673959553,5.813901673959553,5.641455252703469,5.685798645019531,1938004,0.0,0
2020-12-16,5.754777545665174,5.932150652391494,5.754777545665174,5.823755741119385,2044784,0.0,0
2020-12-17,5.853318043665112,6.040545443078021,5.853318043665112,6.030691146850586,2669737,0.0,0
2020-12-18,6.020837112703627,6.03069093871227,5.863171667657147,5.912442207336426,4100829,0.0,0
2020-12-21,5.823755320321646,5.932150223761638,5.774485251397055,5.853317737579346,1601813,0.0,0
2020-12-22,5.813901743889774,5.823755570145924,5.6907258614763405,5.725214958190918,2010346,0.0,0
2020-12-23,5.695652952658635,6.001129081607572,5.656236238391603,5.961712837219238,1882215,0.0,0
2020-12-24,6.010982761861232,6.43470808356882,6.0011289359426785,6.414999961853027,3457670,0.0,0
2020-12-29,6.4544162541848875,6.5381758895812645,6.375583296845769,6.444561958312988,2796064,0.0,0
2020-12-30,6.4051457007654875,6.43470811843872,6.326313213475117,6.434708118438721,1541128,0.0,0
2020-12-31,6.444562266255817,6.469197537234029,6.34602165222168,6.34602165222168,965784,0.0,0
2021-01-04,6.286897350316372,6.3854379653930655,6.237626807838667,6.385437965393066,1514299,0.0,0
2021-01-05,6.257334605381084,6.257334605381084,6.119377751449488,6.1982102394104,1885207,0.0,0
2021-01-06,6.109523610183473,6.296751008769827,6.109523610183473,6.2868971824646,2053189,0.0,0
2021-01-07,6.42485388499529,6.74018430709839,6.42485388499529,6.740184307098389,2618715,0.0,0
2021-01-08,6.750038317508843,6.759892613724322,6.572665214538574,6.572665214538574,1648013,0.0,0
2021-01-11,6.562810602852464,6.7106217498285075,6.562810602852464,6.661351680755615,1710044,0.0,0
2021-01-12,6.690913835362823,6.873214083321462,6.661351886979636,6.779600620269775,2266140,0.0,0
2021-01-13,6.759892666953607,6.897849525905682,6.690914002538214,6.878141403198242,2303546,0.0,0
2021-01-14,6.947119908061212,6.947119908061212,6.750038215634426,6.789454460144043,1787906,0.0,0
2021-01-15,6.7598925796693985,6.996390049104998,6.7598925796693985,6.82887077331543,1992514,0.0,0
2021-01-18,6.77960059957513,6.819016843884859,6.720476233110537,6.76974630355835,1049881,0.0,0
2021-01-19,6.799308544627493,6.976681639401213,6.779600422985969,6.937265396118164,1435051,0.0,0
2021-01-20,6.966827869415283,7.045660356613861,6.937265451776472,6.966827869415283,1166642,0.0,0
2021-01-21,7.035806281549529,7.104784944952092,7.0062443328617885,7.094930648803711,1837244,0.0,0
2021-01-22,7.016097882684262,7.016097882684262,6.878141031193591,6.937265396118164,1167762,0.0,0
2021-01-25,6.907703835697172,6.927411958443123,6.809162752088706,6.88799524307251,819394,0.0,0
2021-01-27,6.848578882122358,6.91755754550965,6.779600688613768,6.819016933441162,1520191,0.0,0
2021-01-28,6.740184539737028,6.750038366144801,6.533249016507999,6.602227210998535,2123170,0.0,0
2021-01-29,6.720476347631474,6.819016960084988,6.533248949030447,6.562810897827148,2263259,0.0,0
2021-02-01,6.503686428070068,6.528321698265678,6.306605206262583,6.503686428070068,2780614,0.0,0
2021-02-02,6.51354096028924,6.710622189243146,6.51354096028924,6.641643524169922,2737663,0.0,0
2021-02-03,6.759892680163183,6.937265784876743,6.681060189179378,6.88799524307251,1873528,0.0,0
2021-02-04,6.887995092332036,6.902776536477048,6.7746735064924835,6.799308776855469,852677,0.0,0
2021-02-05,7.006244486213057,7.193471888221981,6.996390189848987,7.18361759185791,3682505,0.0,0
2021-02-08,7.19347176531894,7.262449959174065,7.085076856559694,7.114638805389404,1515018,0.0,0
2021-02-09,6.819017050970835,6.8288708774081694,6.006055930166882,6.060253620147705,9011012,0.0,0
2021-02-10,6.1785023734242905,6.434708439791759,6.139086127810636,6.34602165222168,3988069,0.0,0
2021-02-11,6.355875525728942,6.474124733323844,6.306605453286556,6.375583648681641,2070894,0.0,0
2021-02-12,6.32631337221673,6.415000157583093,6.212991316484299,6.2573347091674805,1734634,0.0,0
2021-02-15,6.257334797621666,6.385437829433132,6.257334797621666,6.306605339050293,1270478,0.0,0
2021-02-16,6.336167288004504,6.424854074624552,6.257334797621666,6.306605339050293,1354261,0.0,0
2021-02-17,6.326313361808854,6.602227073794526,6.326313361808854,6.523394584655762,2171367,0.0,0
2021-02-18,6.43470808356882,6.582518761497928,6.385437544339994,6.414999961853027,1466865,0.0,0
2021-02-19,6.405146068050044,6.503686682813533,6.281970182126005,6.375583648681641,1426705,0.0,0
2021-02-22,6.4445619094873745,6.552956813863581,6.4149999618530265,6.414999961853027,1593564,0.0,0
2021-02-23,6.550000190734863,6.650000095367432,6.360000133514404,6.539999961853027,1381384,0.095,0
2021-02-24,6.550000190734863,6.670000076293945,6.460000038146973,6.480000019073486,1111541,0.0,0
2021-02-25,6.519999980926514,6.730000019073486,6.5,6.650000095367432,2520338,0.0,0
2021-02-26,6.5,6.570000171661377,6.324999809265137,6.449999809265137,2426732,0.0,0
2021-03-01,6.480000019073486,6.570000171661377,6.409999847412109,6.46999979019165,2067249,0.0,0
2021-03-02,6.489999771118164,6.590000152587891,6.440000057220459,6.440000057220459,2099320,0.0,0
2021-03-03,6.420000076293945,6.579999923706055,6.420000076293945,6.5,1870671,0.0,0
2021-03-04,6.5,6.610000133514404,6.449999809265137,6.550000190734863,2183494,0.0,0
2021-03-05,6.5,6.590000152587891,6.289999961853027,6.409999847412109,2312815,0.0,0
2021-03-08,6.5,6.610000133514404,6.46999979019165,6.489999771118164,1108631,0.0,0
2021-03-09,6.570000171661377,6.75,6.550000190734863,6.630000114440918,2376996,0.0,0
2021-03-10,6.699999809265137,6.789999961853027,6.699999809265137,6.75,1199949,0.0,0
2021-03-11,6.670000076293945,6.739999771118164,6.449999809265137,6.53000020980835,2461784,0.0,0
2021-03-12,6.559999942779541,6.614999771118164,6.5,6.53000020980835,2659743,0.0,0
2021-03-15,6.53000020980835,6.579999923706055,6.449999809265137,6.550000190734863,1049198,0.0,0
2021-03-16,6.53000020980835,6.599999904632568,6.460000038146973,6.550000190734863,1394711,0.0,0
2021-03-17,6.5,6.53000020980835,6.420000076293945,6.5,7215397,0.0,0
2021-03-18,6.440000057220459,6.550000190734863,6.440000057220459,6.539999961853027,4514291,0.0,0
2021-03-19,6.480000019073486,6.630000114440918,6.440000057220459,6.539999961853027,1801692,0.0,0
2021-03-22,6.570000171661377,6.710000038146973,6.5,6.670000076293945,1037638,0.0,0
2021-03-23,6.579999923706055,6.659999847412109,6.480000019073486,6.5,734058,0.0,0
2021-03-24,6.449999809265137,6.46999979019165,6.320000171661377,6.349999904632568,1320471,0.0,0
2021-03-25,6.320000171661377,6.429999828338623,6.309999942779541,6.400000095367432,917629,0.0,0
2021-03-26,6.400000095367432,6.489999771118164,6.380000114440918,6.380000114440918,976756,0.0,0
2021-03-29,6.440000057220459,6.454999923706055,6.380000114440918,6.400000095367432,1057669,0.0,0
2021-03-30,6.400000095367432,6.449999809265137,6.369999885559082,6.400000095367432,925755,0.0,0
2021-03-31,6.369999885559082,6.480000019073486,6.349999904632568,6.400000095367432,1961307,0.0,0
2021-04-01,6.429999828338623,6.510000228881836,6.389999866485596,6.5,721770,0.0,0
2021-04-06,6.550000190734863,6.690000057220459,6.519999980926514,6.570000171661377,1861622,0.0,0
2021-04-07,6.559999942779541,6.610000133514404,6.474999904632568,6.5,1159200,0.0,0
2021-04-08,6.599999904632568,6.610000133514404,6.489999771118164,6.539999961853027,1142982,0.0,0
2021-04-09,6.519999980926514,6.599999904632568,6.480000019073486,6.5,1154791,0.0,0
2021-04-12,6.480000019073486,6.559999942779541,6.429999828338623,6.550000190734863,756518,0.0,0
2021-04-13,6.519999980926514,6.590000152587891,6.489999771118164,6.539999961853027,874888,0.0,0
2021-04-14,6.5,6.670000076293945,6.5,6.610000133514404,1086835,0.0,0
2021-04-15,6.559999942779541,6.760000228881836,6.519999980926514,6.699999809265137,996632,0.0,0
2021-04-16,6.619999885559082,6.690000057220459,6.579999923706055,6.639999866485596,551555,0.0,0
2021-04-19,6.639999866485596,6.699999809265137,6.599999904632568,6.599999904632568,504285,0.0,0
2021-04-20,6.170000076293945,6.199999809265137,5.539999961853027,5.559999942779541,11946345,0.0,0
2021-04-21,5.440000057220459,5.440000057220459,5.090000152587891,5.25,8538960,0.0,0
2021-04-22,5.239999771118164,5.289999961853027,5.070000171661377,5.119999885559082,4406358,0.0,0
2021-04-23,5.090000152587891,5.110000133514404,5.010000228881836,5.059999942779541,3521316,0.0,0
2021-04-26,5.050000190734863,5.170000076293945,5.039999961853027,5.099999904632568,3333484,0.0,0
2021-04-27,5.079999923706055,5.170000076293945,4.980000019073486,5.010000228881836,5129925,0.0,0
2021-04-28,5.03000020980835,5.139999866485596,5.010000228881836,5.039999961853027,2678320,0.0,0
2021-04-29,5.039999961853027,5.21999979019165,5.03000020980835,5.119999885559082,2510246,0.0,0
2021-04-30,5.260000228881836,5.260000228881836,5.059999942779541,5.110000133514404,7695169,0.0,0
2021-05-03,5.079999923706055,5.130000114440918,4.960000038146973,4.980000019073486,2729232,0.0,0
2021-05-04,5.0,5.019999980926514,4.764999866485596,4.820000171661377,5388471,0.0,0
2021-05-05,4.78000020980835,4.954999923706055,4.775000095367432,4.900000095367432,6205610,0.0,0
2021-05-06,4.900000095367432,5.010000228881836,4.855000019073486,4.860000133514404,2354152,0.0,0
2021-05-07,4.869999885559082,4.920000076293945,4.789999961853027,4.820000171661377,2524850,0.0,0
2021-05-10,4.820000171661377,4.860000133514404,4.78000020980835,4.840000152587891,1739090,0.0,0
2021-05-11,4.809999942779541,4.920000076293945,4.795000076293945,4.860000133514404,3486783,0.0,0
2021-05-12,4.829999923706055,4.900000095367432,4.820000171661377,4.869999885559082,2415763,0.0,0
2021-05-13,4.820000171661377,4.869999885559082,4.78000020980835,4.860000133514404,1605842,0.0,0
2021-05-14,4.960000038146973,5.019999980926514,4.900000095367432,4.920000076293945,2676046,0.0,0
2021-05-17,4.940000057220459,4.96999979019165,4.860000133514404,4.880000114440918,1123352,0.0,0
2021-05-18,4.900000095367432,5.039999961853027,4.869999885559082,5.010000228881836,1883468,0.0,0
2021-05-19,4.900000095367432,4.949999809265137,4.860000133514404,4.900000095367432,2907889,0.0,0
2021-05-20,4.900000095367432,4.96999979019165,4.889999866485596,4.96999979019165,1321422,0.0,0
2021-05-21,4.949999809265137,5.025000095367432,4.929999828338623,4.96999979019165,9390569,0.0,0
2021-05-24,4.989999771118164,5.039999961853027,4.920000076293945,4.929999828338623,1029265,0.0,0
2021-05-25,4.949999809265137,5.03000020980835,4.920000076293945,5.03000020980835,1519789,0.0,0
2021-05-26,5.0,5.070000171661377,4.929999828338623,5.019999980926514,2054496,0.0,0
2021-05-27,5.019999980926514,5.090000152587891,5.010000228881836,5.050000190734863,2424844,0.0,0
2021-05-28,5.050000190734863,5.239999771118164,5.019999980926514,5.199999809265137,2643851,0.0,0
2021-05-31,5.179999828338623,5.244999885559082,5.139999866485596,5.21999979019165,3154144,0.0,0
2021-06-01,5.190000057220459,5.230000019073486,5.119999885559082,5.179999828338623,1514909,0.0,0
2021-06-02,5.150000095367432,5.230000019073486,5.110000133514404,5.21999979019165,1403873,0.0,0
2021-06-03,5.230000019073486,5.369999885559082,5.210000038146973,5.340000152587891,2067226,0.0,0
2021-06-04,5.400000095367432,5.539999961853027,5.369999885559082,5.420000076293945,2576745,0.0,0
2021-06-07,5.420000076293945,5.429999828338623,5.369999885559082,5.409999847412109,1270976,0.0,0
2021-06-08,5.409999847412109,5.46999979019165,5.360000133514404,5.440000057220459,1301483,0.0,0
2021-06-09,5.449999809265137,5.570000171661377,5.409999847412109,5.5,2138750,0.0,0
2021-06-10,5.5,5.519999980926514,5.440000057220459,5.510000228881836,2227980,0.0,0
2021-06-11,5.460000038146973,5.510000228881836,5.349999904632568,5.510000228881836,1146753,0.0,0
2021-06-15,5.489999771118164,5.570000171661377,5.449999809265137,5.559999942779541,3736509,0.0,0
2021-06-16,5.599999904632568,5.739999771118164,5.599999904632568,5.650000095367432,6150053,0.0,0
2021-06-17,5.599999904632568,5.71999979019165,5.320000171661377,5.550000190734863,5519496,0.0,0
2021-06-18,5.5,5.519999980926514,5.300000190734863,5.480000019073486,4973255,0.0,0
2021-06-21,5.349999904632568,5.369999885559082,5.25,5.329999923706055,2345879,0.0,0
2021-06-22,5.429999828338623,5.429999828338623,5.28000020980835,5.360000133514404,3388957,0.0,0
2021-06-25,5.340000152587891,5.480000019073486,5.340000152587891,5.460000038146973,1211700,0.0,0
